sensorID,value,timestamp,longitude,latitude,hight
5d5d13fd953683001a401cd6,3.40,2020-09-10T13:22:17.000Z,8.71,51.74,102.00
5d5d13fd953683001a401cd6,2.90,2020-09-10T13:27:17.000Z,8.71,51.74,102.00
5d5d13fd953683001a401cd6,1.90,2020-09-10T13:32:17.000Z,8.71,51.74,102.00
5d5d13fd953683001a401cd6,2.50,2020-09-10T13:37:17.000Z,8.71,51.74,102.00
5d5d13fd953683001a401cd6,2.30,2020-09-10T13:42:17.000Z,8.71,51.74,102.00
5d5d13fd953683001a401cd6,2.50,2020-09-10T13:47:17.000Z,8.71,51.74,102.00
5d5d13fd953683001a401cd6,2.20,2020-09-10T13:52:17.000Z,8.71,51.74,102.00
5d5d13fd953683001a401cd6,3.40,2020-09-10T13:57:17.000Z,8.71,51.74,102.00
5d5d13fd953683001a401cd6,2.30,2020-09-10T14:02:17.000Z,8.71,51.74,102.00
5d5d13fd953683001a401cd6,2.80,2020-09-10T14:07:17.000Z,8.71,51.74,102.00
5d5d13fd953683001a401cd6,2.40,2020-09-10T14:12:18.000Z,8.71,51.74,102.00
5d5d13fd953683001a401cd6,2.20,2020-09-10T14:17:18.000Z,8.71,51.74,102.00
5d5d13fd953683001a401cd6,2.80,2020-09-10T14:22:18.000Z,8.71,51.74,102.00
5d5d13fd953683001a401cd6,2.50,2020-09-10T14:27:18.000Z,8.71,51.74,102.00
5d5d13fd953683001a401cd6,2.90,2020-09-10T14:32:18.000Z,8.71,51.74,102.00
5d5d13fd953683001a401cd6,2.70,2020-09-10T14:37:18.000Z,8.71,51.74,102.00
5d5d13fd953683001a401cd6,2.60,2020-09-10T14:42:18.000Z,8.71,51.74,102.00
5d5d13fd953683001a401cd6,2.10,2020-09-10T14:47:18.000Z,8.71,51.74,102.00
5d5d13fd953683001a401cd6,2.30,2020-09-10T14:52:18.000Z,8.71,51.74,102.00
5d5d13fd953683001a401cd6,2.50,2020-09-10T14:57:18.000Z,8.71,51.74,102.00
5d5d13fd953683001a401cd6,2.80,2020-09-10T15:02:18.000Z,8.71,51.74,102.00
5d5d13fd953683001a401cd6,2.90,2020-09-10T15:07:18.000Z,8.71,51.74,102.00
5d5d13fd953683001a401cd6,2.80,2020-09-10T15:12:18.000Z,8.71,51.74,102.00
5d5d13fd953683001a401cd6,4.30,2020-09-10T15:17:18.000Z,8.71,51.74,102.00
5d5d13fd953683001a401cd6,2.60,2020-09-10T15:22:18.000Z,8.71,51.74,102.00
5d5d13fd953683001a401cd6,2.50,2020-09-10T15:27:19.000Z,8.71,51.74,102.00
5d5d13fd953683001a401cd6,2.40,2020-09-10T15:32:19.000Z,8.71,51.74,102.00
5d5d13fd953683001a401cd6,2.90,2020-09-10T15:37:19.000Z,8.71,51.74,102.00
5d5d13fd953683001a401cd6,3.40,2020-09-10T15:42:19.000Z,8.71,51.74,102.00
5d5d13fd953683001a401cd6,3.20,2020-09-10T15:47:19.000Z,8.71,51.74,102.00
5d5d13fd953683001a401cd6,2.40,2020-09-10T15:52:19.000Z,8.71,51.74,102.00
5d5d13fd953683001a401cd6,2.40,2020-09-10T15:57:19.000Z,8.71,51.74,102.00
5d5d13fd953683001a401cd6,2.60,2020-09-10T16:02:19.000Z,8.71,51.74,102.00
5d5d13fd953683001a401cd6,2.30,2020-09-10T16:07:19.000Z,8.71,51.74,102.00
5d5d13fd953683001a401cd6,2.70,2020-09-10T16:12:19.000Z,8.71,51.74,102.00
5d5d13fd953683001a401cd6,2.30,2020-09-10T16:17:19.000Z,8.71,51.74,102.00
5d5d13fd953683001a401cd6,3.40,2020-09-10T16:22:19.000Z,8.71,51.74,102.00
5d5d13fd953683001a401cd6,2.50,2020-09-10T16:27:19.000Z,8.71,51.74,102.00
5d5d13fd953683001a401cd6,3.20,2020-09-10T16:32:19.000Z,8.71,51.74,102.00
5d5d13fd953683001a401cd6,2.30,2020-09-10T16:37:19.000Z,8.71,51.74,102.00
5d5d13fd953683001a401cd6,3.30,2020-09-10T16:42:19.000Z,8.71,51.74,102.00
5d5d13fd953683001a401cd6,2.50,2020-09-10T16:47:20.000Z,8.71,51.74,102.00
5d5d13fd953683001a401cd6,2.60,2020-09-10T16:52:20.000Z,8.71,51.74,102.00
5d5d13fd953683001a401cd6,2.70,2020-09-10T16:57:20.000Z,8.71,51.74,102.00
5d5d13fd953683001a401cd6,2.80,2020-09-10T17:02:20.000Z,8.71,51.74,102.00
5d5d13fd953683001a401cd6,2.60,2020-09-10T17:07:20.000Z,8.71,51.74,102.00
5d5d13fd953683001a401cd6,3.00,2020-09-10T17:12:20.000Z,8.71,51.74,102.00
5d5d13fd953683001a401cd6,2.80,2020-09-10T17:17:20.000Z,8.71,51.74,102.00
5d5d13fd953683001a401cd6,2.30,2020-09-10T17:22:20.000Z,8.71,51.74,102.00
5d5d13fd953683001a401cd6,2.90,2020-09-10T17:27:20.000Z,8.71,51.74,102.00
5d5d13fd953683001a401cd6,2.30,2020-09-10T17:32:20.000Z,8.71,51.74,102.00
5d5d13fd953683001a401cd6,2.70,2020-09-10T17:37:20.000Z,8.71,51.74,102.00
5d5d13fd953683001a401cd6,3.40,2020-09-10T17:42:20.000Z,8.71,51.74,102.00
5d5d13fd953683001a401cd6,2.70,2020-09-10T17:47:20.000Z,8.71,51.74,102.00
5d5d13fd953683001a401cd6,2.10,2020-09-10T17:52:20.000Z,8.71,51.74,102.00
5d5d13fd953683001a401cd6,2.70,2020-09-10T17:57:20.000Z,8.71,51.74,102.00
5d5d13fd953683001a401cd6,3.10,2020-09-10T18:02:21.000Z,8.71,51.74,102.00
5d5d13fd953683001a401cd6,2.80,2020-09-10T18:07:21.000Z,8.71,51.74,102.00
5d5d13fd953683001a401cd6,2.80,2020-09-10T18:12:21.000Z,8.71,51.74,102.00
5d5d13fd953683001a401cd6,2.60,2020-09-10T18:17:21.000Z,8.71,51.74,102.00
5d5d13fd953683001a401cd6,2.10,2020-09-10T18:22:21.000Z,8.71,51.74,102.00
5d5d13fd953683001a401cd6,3.00,2020-09-10T18:27:21.000Z,8.71,51.74,102.00
5d5d13fd953683001a401cd6,3.00,2020-09-10T18:32:21.000Z,8.71,51.74,102.00
5d5d13fd953683001a401cd6,3.20,2020-09-10T18:37:21.000Z,8.71,51.74,102.00
5d5d13fd953683001a401cd6,3.10,2020-09-10T18:42:21.000Z,8.71,51.74,102.00
5d5d13fd953683001a401cd6,2.50,2020-09-10T18:47:21.000Z,8.71,51.74,102.00
5d5d13fd953683001a401cd6,2.70,2020-09-10T18:52:21.000Z,8.71,51.74,102.00
5d5d13fd953683001a401cd6,2.70,2020-09-10T18:57:21.000Z,8.71,51.74,102.00
5d5d13fd953683001a401cd6,2.80,2020-09-10T19:02:21.000Z,8.71,51.74,102.00
5d5d13fd953683001a401cd6,2.50,2020-09-10T19:07:21.000Z,8.71,51.74,102.00
5d5d13fd953683001a401cd6,2.50,2020-09-10T19:12:21.000Z,8.71,51.74,102.00
5d5d13fd953683001a401cd6,3.00,2020-09-10T19:17:22.000Z,8.71,51.74,102.00
5d5d13fd953683001a401cd6,2.80,2020-09-10T19:22:22.000Z,8.71,51.74,102.00
5d5d13fd953683001a401cd6,2.40,2020-09-10T19:27:22.000Z,8.71,51.74,102.00
5d5d13fd953683001a401cd6,2.50,2020-09-10T19:32:22.000Z,8.71,51.74,102.00
5d5d13fd953683001a401cd6,2.60,2020-09-10T19:37:22.000Z,8.71,51.74,102.00
5d5d13fd953683001a401cd6,3.10,2020-09-10T19:42:22.000Z,8.71,51.74,102.00
5d5d13fd953683001a401cd6,3.60,2020-09-10T19:47:22.000Z,8.71,51.74,102.00
5d5d13fd953683001a401cd6,2.00,2020-09-10T19:52:22.000Z,8.71,51.74,102.00
5d5d13fd953683001a401cd6,2.40,2020-09-10T19:57:22.000Z,8.71,51.74,102.00
5d5d13fd953683001a401cd6,2.30,2020-09-10T20:02:22.000Z,8.71,51.74,102.00
5d5d13fd953683001a401cd6,2.70,2020-09-10T20:07:22.000Z,8.71,51.74,102.00
5d5d13fd953683001a401cd6,2.80,2020-09-10T20:12:22.000Z,8.71,51.74,102.00
5d5d13fd953683001a401cd6,2.40,2020-09-10T20:17:22.000Z,8.71,51.74,102.00
5d5d13fd953683001a401cd6,2.70,2020-09-10T20:22:22.000Z,8.71,51.74,102.00
5d5d13fd953683001a401cd6,3.00,2020-09-10T20:27:22.000Z,8.71,51.74,102.00
5d5d13fd953683001a401cd6,3.40,2020-09-10T20:32:22.000Z,8.71,51.74,102.00
5d5d13fd953683001a401cd6,3.20,2020-09-10T20:37:23.000Z,8.71,51.74,102.00
5d5d13fd953683001a401cd6,3.30,2020-09-10T20:42:23.000Z,8.71,51.74,102.00
5d5d13fd953683001a401cd6,3.20,2020-09-10T20:47:23.000Z,8.71,51.74,102.00
5d5d13fd953683001a401cd6,3.50,2020-09-10T20:52:23.000Z,8.71,51.74,102.00
5d5d13fd953683001a401cd6,3.20,2020-09-10T20:57:23.000Z,8.71,51.74,102.00
5d5d13fd953683001a401cd6,3.20,2020-09-10T21:02:23.000Z,8.71,51.74,102.00
5d5d13fd953683001a401cd6,3.70,2020-09-10T21:07:23.000Z,8.71,51.74,102.00
5d5d13fd953683001a401cd6,4.40,2020-09-10T21:12:23.000Z,8.71,51.74,102.00
5d5d13fd953683001a401cd6,4.60,2020-09-10T21:17:23.000Z,8.71,51.74,102.00
5d5d13fd953683001a401cd6,4.20,2020-09-10T21:22:23.000Z,8.71,51.74,102.00
5d5d13fd953683001a401cd6,3.30,2020-09-10T21:27:23.000Z,8.71,51.74,102.00
5d5d13fd953683001a401cd6,3.80,2020-09-10T21:32:23.000Z,8.71,51.74,102.00
5d5d13fd953683001a401cd6,3.90,2020-09-10T21:37:23.000Z,8.71,51.74,102.00
5d5d13fd953683001a401cd6,4.30,2020-09-10T21:42:23.000Z,8.71,51.74,102.00
5d5d13fd953683001a401cd6,3.90,2020-09-10T21:47:23.000Z,8.71,51.74,102.00
5d5d13fd953683001a401cd6,4.20,2020-09-10T21:52:24.000Z,8.71,51.74,102.00
5d5d13fd953683001a401cd6,4.10,2020-09-10T21:57:24.000Z,8.71,51.74,102.00
5d5d13fd953683001a401cd6,3.50,2020-09-10T22:02:24.000Z,8.71,51.74,102.00
5d5d13fd953683001a401cd6,4.00,2020-09-10T22:07:24.000Z,8.71,51.74,102.00
5d5d13fd953683001a401cd6,4.10,2020-09-10T22:12:24.000Z,8.71,51.74,102.00
5d5d13fd953683001a401cd6,4.10,2020-09-10T22:17:24.000Z,8.71,51.74,102.00
5d5d13fd953683001a401cd6,4.20,2020-09-10T22:22:24.000Z,8.71,51.74,102.00
5d5d13fd953683001a401cd6,3.80,2020-09-10T22:27:24.000Z,8.71,51.74,102.00
5d5d13fd953683001a401cd6,4.10,2020-09-10T22:32:24.000Z,8.71,51.74,102.00
5d5d13fd953683001a401cd6,4.20,2020-09-10T22:37:24.000Z,8.71,51.74,102.00
5d5d13fd953683001a401cd6,4.20,2020-09-10T22:42:24.000Z,8.71,51.74,102.00
5d5d13fd953683001a401cd6,4.40,2020-09-10T22:47:24.000Z,8.71,51.74,102.00
5d5d13fd953683001a401cd6,3.80,2020-09-10T22:52:24.000Z,8.71,51.74,102.00
5d5d13fd953683001a401cd6,3.70,2020-09-10T22:57:24.000Z,8.71,51.74,102.00
5d5d13fd953683001a401cd6,3.50,2020-09-10T23:02:24.000Z,8.71,51.74,102.00
5d5d13fd953683001a401cd6,3.60,2020-09-10T23:07:25.000Z,8.71,51.74,102.00
5d5d13fd953683001a401cd6,3.10,2020-09-10T23:12:25.000Z,8.71,51.74,102.00
5d5d13fd953683001a401cd6,3.60,2020-09-10T23:17:25.000Z,8.71,51.74,102.00
5d5d13fd953683001a401cd6,3.90,2020-09-10T23:22:25.000Z,8.71,51.74,102.00
5d5d13fd953683001a401cd6,3.50,2020-09-10T23:27:25.000Z,8.71,51.74,102.00
5d5d13fd953683001a401cd6,3.10,2020-09-10T23:32:25.000Z,8.71,51.74,102.00
5d5d13fd953683001a401cd6,3.20,2020-09-10T23:37:25.000Z,8.71,51.74,102.00
5d5d13fd953683001a401cd6,3.40,2020-09-10T23:42:25.000Z,8.71,51.74,102.00
5d5d13fd953683001a401cd6,3.20,2020-09-10T23:47:25.000Z,8.71,51.74,102.00
5d5d13fd953683001a401cd6,3.60,2020-09-10T23:52:25.000Z,8.71,51.74,102.00
5d5d13fd953683001a401cd6,3.60,2020-09-10T23:57:25.000Z,8.71,51.74,102.00
5d5d13fd953683001a401cd6,3.40,2020-09-11T00:02:25.000Z,8.71,51.74,102.00
5d5d13fd953683001a401cd6,3.30,2020-09-11T00:07:25.000Z,8.71,51.74,102.00
5d5d13fd953683001a401cd6,3.60,2020-09-11T00:12:25.000Z,8.71,51.74,102.00
5d5d13fd953683001a401cd6,3.40,2020-09-11T00:17:25.000Z,8.71,51.74,102.00
5d5d13fd953683001a401cd6,4.00,2020-09-11T00:22:26.000Z,8.71,51.74,102.00
5d5d13fd953683001a401cd6,3.40,2020-09-11T00:27:26.000Z,8.71,51.74,102.00
5d5d13fd953683001a401cd6,3.80,2020-09-11T00:32:26.000Z,8.71,51.74,102.00
5d5d13fd953683001a401cd6,3.60,2020-09-11T00:37:26.000Z,8.71,51.74,102.00
5d5d13fd953683001a401cd6,4.00,2020-09-11T00:42:26.000Z,8.71,51.74,102.00
5d5d13fd953683001a401cd6,3.50,2020-09-11T00:47:26.000Z,8.71,51.74,102.00
5d5d13fd953683001a401cd6,3.20,2020-09-11T00:52:26.000Z,8.71,51.74,102.00
5d5d13fd953683001a401cd6,3.30,2020-09-11T00:57:26.000Z,8.71,51.74,102.00
5d5d13fd953683001a401cd6,3.80,2020-09-11T01:02:26.000Z,8.71,51.74,102.00
5d5d13fd953683001a401cd6,4.00,2020-09-11T01:07:26.000Z,8.71,51.74,102.00
5d5d13fd953683001a401cd6,3.90,2020-09-11T01:12:26.000Z,8.71,51.74,102.00
5d5d13fd953683001a401cd6,3.90,2020-09-11T01:17:26.000Z,8.71,51.74,102.00
5d5d13fd953683001a401cd6,3.70,2020-09-11T01:22:26.000Z,8.71,51.74,102.00
5d5d13fd953683001a401cd6,3.70,2020-09-11T01:27:26.000Z,8.71,51.74,102.00
5d5d13fd953683001a401cd6,3.80,2020-09-11T01:32:26.000Z,8.71,51.74,102.00
5d5d13fd953683001a401cd6,3.20,2020-09-11T01:37:26.000Z,8.71,51.74,102.00
5d5d13fd953683001a401cd6,3.60,2020-09-11T01:42:27.000Z,8.71,51.74,102.00
5d5d13fd953683001a401cd6,3.20,2020-09-11T01:47:27.000Z,8.71,51.74,102.00
5d5d13fd953683001a401cd6,3.40,2020-09-11T01:52:27.000Z,8.71,51.74,102.00
5d5d13fd953683001a401cd6,3.60,2020-09-11T01:57:27.000Z,8.71,51.74,102.00
5d5d13fd953683001a401cd6,3.30,2020-09-11T02:02:27.000Z,8.71,51.74,102.00
5d5d13fd953683001a401cd6,3.30,2020-09-11T02:07:27.000Z,8.71,51.74,102.00
5d5d13fd953683001a401cd6,3.30,2020-09-11T02:12:27.000Z,8.71,51.74,102.00
5d5d13fd953683001a401cd6,3.20,2020-09-11T02:17:27.000Z,8.71,51.74,102.00
5d5d13fd953683001a401cd6,3.20,2020-09-11T02:22:27.000Z,8.71,51.74,102.00
5d5d13fd953683001a401cd6,3.60,2020-09-11T02:27:27.000Z,8.71,51.74,102.00
5d5d13fd953683001a401cd6,2.80,2020-09-11T02:32:27.000Z,8.71,51.74,102.00
5d5d13fd953683001a401cd6,2.80,2020-09-11T02:37:27.000Z,8.71,51.74,102.00
5d5d13fd953683001a401cd6,2.50,2020-09-11T02:42:27.000Z,8.71,51.74,102.00
5d5d13fd953683001a401cd6,2.50,2020-09-11T02:47:27.000Z,8.71,51.74,102.00
5d5d13fd953683001a401cd6,3.20,2020-09-11T02:52:27.000Z,8.71,51.74,102.00
5d5d13fd953683001a401cd6,3.70,2020-09-11T02:57:28.000Z,8.71,51.74,102.00
5d5d13fd953683001a401cd6,3.00,2020-09-11T03:02:28.000Z,8.71,51.74,102.00
5d5d13fd953683001a401cd6,2.70,2020-09-11T03:07:28.000Z,8.71,51.74,102.00
5d5d13fd953683001a401cd6,3.00,2020-09-11T03:12:28.000Z,8.71,51.74,102.00
5d5d13fd953683001a401cd6,3.00,2020-09-11T03:17:28.000Z,8.71,51.74,102.00
5d5d13fd953683001a401cd6,2.90,2020-09-11T03:22:28.000Z,8.71,51.74,102.00
5d5d13fd953683001a401cd6,2.70,2020-09-11T03:27:28.000Z,8.71,51.74,102.00
5d5d13fd953683001a401cd6,2.70,2020-09-11T03:32:28.000Z,8.71,51.74,102.00
5d5d13fd953683001a401cd6,2.70,2020-09-11T03:37:28.000Z,8.71,51.74,102.00
5d5d13fd953683001a401cd6,2.90,2020-09-11T03:42:28.000Z,8.71,51.74,102.00
5d5d13fd953683001a401cd6,3.60,2020-09-11T03:47:28.000Z,8.71,51.74,102.00
5d5d13fd953683001a401cd6,3.20,2020-09-11T03:52:28.000Z,8.71,51.74,102.00
5d5d13fd953683001a401cd6,2.80,2020-09-11T03:57:28.000Z,8.71,51.74,102.00
5d5d13fd953683001a401cd6,3.20,2020-09-11T04:02:28.000Z,8.71,51.74,102.00
5d5d13fd953683001a401cd6,3.00,2020-09-11T04:07:28.000Z,8.71,51.74,102.00
5d5d13fd953683001a401cd6,2.80,2020-09-11T04:12:28.000Z,8.71,51.74,102.00
5d5d13fd953683001a401cd6,3.50,2020-09-11T04:17:29.000Z,8.71,51.74,102.00
5d5d13fd953683001a401cd6,3.00,2020-09-11T04:22:29.000Z,8.71,51.74,102.00
5d5d13fd953683001a401cd6,2.70,2020-09-11T04:27:29.000Z,8.71,51.74,102.00
5d5d13fd953683001a401cd6,3.20,2020-09-11T04:32:29.000Z,8.71,51.74,102.00
5d5d13fd953683001a401cd6,3.40,2020-09-11T04:37:29.000Z,8.71,51.74,102.00
5d5d13fd953683001a401cd6,3.30,2020-09-11T04:42:29.000Z,8.71,51.74,102.00
5d5d13fd953683001a401cd6,3.30,2020-09-11T04:47:29.000Z,8.71,51.74,102.00
5d5d13fd953683001a401cd6,3.30,2020-09-11T04:52:29.000Z,8.71,51.74,102.00
5d5d13fd953683001a401cd6,3.20,2020-09-11T04:57:29.000Z,8.71,51.74,102.00
5d5d13fd953683001a401cd6,3.30,2020-09-11T05:02:29.000Z,8.71,51.74,102.00
5d5d13fd953683001a401cd6,3.00,2020-09-11T05:07:29.000Z,8.71,51.74,102.00
5d5d13fd953683001a401cd6,2.40,2020-09-11T05:12:29.000Z,8.71,51.74,102.00
5d5d13fd953683001a401cd6,2.90,2020-09-11T05:17:29.000Z,8.71,51.74,102.00
5d5d13fd953683001a401cd6,3.10,2020-09-11T05:22:29.000Z,8.71,51.74,102.00
5d5d13fd953683001a401cd6,3.00,2020-09-11T05:27:29.000Z,8.71,51.74,102.00
5d5d13fd953683001a401cd6,3.00,2020-09-11T05:32:29.000Z,8.71,51.74,102.00
5d5d13fd953683001a401cd6,3.20,2020-09-11T05:37:30.000Z,8.71,51.74,102.00
5d5d13fd953683001a401cd6,3.20,2020-09-11T05:42:30.000Z,8.71,51.74,102.00
5d5d13fd953683001a401cd6,3.20,2020-09-11T05:47:30.000Z,8.71,51.74,102.00
5d5d13fd953683001a401cd6,2.50,2020-09-11T05:52:30.000Z,8.71,51.74,102.00
5d5d13fd953683001a401cd6,3.40,2020-09-11T05:57:30.000Z,8.71,51.74,102.00
5d5d13fd953683001a401cd6,2.40,2020-09-11T06:02:30.000Z,8.71,51.74,102.00
5d5d13fd953683001a401cd6,3.10,2020-09-11T06:07:30.000Z,8.71,51.74,102.00
5d5d13fd953683001a401cd6,2.70,2020-09-11T06:12:30.000Z,8.71,51.74,102.00
5d5d13fd953683001a401cd6,3.30,2020-09-11T06:17:30.000Z,8.71,51.74,102.00
5d5d13fd953683001a401cd6,2.80,2020-09-11T06:22:30.000Z,8.71,51.74,102.00
5d5d13fd953683001a401cd6,3.40,2020-09-11T06:27:30.000Z,8.71,51.74,102.00
5d5d13fd953683001a401cd6,3.40,2020-09-11T06:32:30.000Z,8.71,51.74,102.00
5d5d13fd953683001a401cd6,3.00,2020-09-11T06:37:30.000Z,8.71,51.74,102.00
5d5d13fd953683001a401cd6,3.30,2020-09-11T06:42:30.000Z,8.71,51.74,102.00
5d5d13fd953683001a401cd6,3.40,2020-09-11T06:47:31.000Z,8.71,51.74,102.00
5d5d13fd953683001a401cd6,4.00,2020-09-11T06:52:31.000Z,8.71,51.74,102.00
5d5d13fd953683001a401cd6,3.70,2020-09-11T06:57:31.000Z,8.71,51.74,102.00
5d5d13fd953683001a401cd6,3.70,2020-09-11T07:02:31.000Z,8.71,51.74,102.00
5d5d13fd953683001a401cd6,3.20,2020-09-11T07:07:31.000Z,8.71,51.74,102.00
5d5d13fd953683001a401cd6,3.70,2020-09-11T07:12:31.000Z,8.71,51.74,102.00
5d5d13fd953683001a401cd6,3.70,2020-09-11T07:17:31.000Z,8.71,51.74,102.00
5d5d13fd953683001a401cd6,3.60,2020-09-11T07:22:31.000Z,8.71,51.74,102.00
5d5d13fd953683001a401cd6,3.80,2020-09-11T07:27:31.000Z,8.71,51.74,102.00
5d5d13fd953683001a401cd6,3.20,2020-09-11T07:32:31.000Z,8.71,51.74,102.00
5d5d13fd953683001a401cd6,4.10,2020-09-11T07:37:31.000Z,8.71,51.74,102.00
5d5d13fd953683001a401cd6,3.60,2020-09-11T07:42:31.000Z,8.71,51.74,102.00
5d5d13fd953683001a401cd6,2.80,2020-09-11T07:47:31.000Z,8.71,51.74,102.00
5d5d13fd953683001a401cd6,3.20,2020-09-11T07:52:31.000Z,8.71,51.74,102.00
5d5d13fd953683001a401cd6,3.40,2020-09-11T07:57:31.000Z,8.71,51.74,102.00
5d5d13fd953683001a401cd6,3.50,2020-09-11T08:02:31.000Z,8.71,51.74,102.00
5d5d13fd953683001a401cd6,3.60,2020-09-11T08:07:32.000Z,8.71,51.74,102.00
5d5d13fd953683001a401cd6,4.10,2020-09-11T08:12:32.000Z,8.71,51.74,102.00
5d5d13fd953683001a401cd6,3.70,2020-09-11T08:17:32.000Z,8.71,51.74,102.00
5d5d13fd953683001a401cd6,3.70,2020-09-11T08:22:32.000Z,8.71,51.74,102.00
5d5d13fd953683001a401cd6,3.90,2020-09-11T08:27:32.000Z,8.71,51.74,102.00
5d5d13fd953683001a401cd6,3.50,2020-09-11T08:32:32.000Z,8.71,51.74,102.00
5d5d13fd953683001a401cd6,4.60,2020-09-11T08:37:32.000Z,8.71,51.74,102.00
5d5d13fd953683001a401cd6,4.30,2020-09-11T08:42:32.000Z,8.71,51.74,102.00
5d5d13fd953683001a401cd6,5.50,2020-09-11T08:47:32.000Z,8.71,51.74,102.00
5d5d13fd953683001a401cd6,7.30,2020-09-11T08:52:32.000Z,8.71,51.74,102.00
5d5d13fd953683001a401cd6,7.80,2020-09-11T08:57:32.000Z,8.71,51.74,102.00
5d5d13fd953683001a401cd6,7.80,2020-09-11T09:02:32.000Z,8.71,51.74,102.00
5d5d13fd953683001a401cd6,5.20,2020-09-11T09:07:32.000Z,8.71,51.74,102.00
5d5d13fd953683001a401cd6,4.80,2020-09-11T09:12:32.000Z,8.71,51.74,102.00
5d5d13fd953683001a401cd6,3.80,2020-09-11T09:17:32.000Z,8.71,51.74,102.00
5d5d13fd953683001a401cd6,4.90,2020-09-11T09:22:33.000Z,8.71,51.74,102.00
5d5d13fd953683001a401cd6,3.90,2020-09-11T09:27:33.000Z,8.71,51.74,102.00
5d5d13fd953683001a401cd6,4.20,2020-09-11T09:32:33.000Z,8.71,51.74,102.00
5d5d13fd953683001a401cd6,3.80,2020-09-11T09:37:33.000Z,8.71,51.74,102.00
5d5d13fd953683001a401cd6,3.70,2020-09-11T09:42:33.000Z,8.71,51.74,102.00
5d5d13fd953683001a401cd6,3.60,2020-09-11T09:47:33.000Z,8.71,51.74,102.00
5d5d13fd953683001a401cd6,3.90,2020-09-11T09:52:33.000Z,8.71,51.74,102.00
5d5d13fd953683001a401cd6,4.00,2020-09-11T09:57:33.000Z,8.71,51.74,102.00
5d5d13fd953683001a401cd6,3.70,2020-09-11T10:02:33.000Z,8.71,51.74,102.00
5d5d13fd953683001a401cd6,4.00,2020-09-11T10:07:33.000Z,8.71,51.74,102.00
5d5d13fd953683001a401cd6,3.40,2020-09-11T10:12:33.000Z,8.71,51.74,102.00
5d5d13fd953683001a401cd6,3.50,2020-09-11T10:17:33.000Z,8.71,51.74,102.00
5d5d13fd953683001a401cd6,3.50,2020-09-11T10:22:33.000Z,8.71,51.74,102.00
5d5d13fd953683001a401cd6,3.60,2020-09-11T10:27:33.000Z,8.71,51.74,102.00
5d5d13fd953683001a401cd6,4.30,2020-09-11T10:32:33.000Z,8.71,51.74,102.00
5d5d13fd953683001a401cd6,3.90,2020-09-11T10:37:33.000Z,8.71,51.74,102.00
5d5d13fd953683001a401cd6,3.30,2020-09-11T10:42:34.000Z,8.71,51.74,102.00
5d5d13fd953683001a401cd6,3.70,2020-09-11T10:47:34.000Z,8.71,51.74,102.00
5d5d13fd953683001a401cd6,4.20,2020-09-11T10:52:34.000Z,8.71,51.74,102.00
5d5d13fd953683001a401cd6,3.80,2020-09-11T10:57:34.000Z,8.71,51.74,102.00
5d5d13fd953683001a401cd6,3.70,2020-09-11T11:02:34.000Z,8.71,51.74,102.00
5d5d13fd953683001a401cd6,4.20,2020-09-11T11:07:34.000Z,8.71,51.74,102.00
5d5d13fd953683001a401cd6,3.60,2020-09-11T11:12:34.000Z,8.71,51.74,102.00
5d5d13fd953683001a401cd6,4.00,2020-09-11T11:17:34.000Z,8.71,51.74,102.00
5d5d13fd953683001a401cd6,3.80,2020-09-11T11:22:34.000Z,8.71,51.74,102.00
5d5d13fd953683001a401cd6,3.90,2020-09-11T11:27:34.000Z,8.71,51.74,102.00
5d5d13fd953683001a401cd6,4.40,2020-09-11T11:32:34.000Z,8.71,51.74,102.00
5d5d13fd953683001a401cd6,3.90,2020-09-11T11:37:34.000Z,8.71,51.74,102.00
5d5d13fd953683001a401cd6,3.90,2020-09-11T11:42:34.000Z,8.71,51.74,102.00
5d5d13fd953683001a401cd6,4.10,2020-09-11T11:47:34.000Z,8.71,51.74,102.00
5d5d13fd953683001a401cd6,4.20,2020-09-11T11:52:34.000Z,8.71,51.74,102.00
5d5d13fd953683001a401cd6,3.90,2020-09-11T11:57:35.000Z,8.71,51.74,102.00
5d5d13fd953683001a401cd6,3.90,2020-09-11T12:02:35.000Z,8.71,51.74,102.00
5d5d13fd953683001a401cd6,3.70,2020-09-11T12:07:35.000Z,8.71,51.74,102.00
5d5d13fd953683001a401cd6,4.10,2020-09-11T12:12:35.000Z,8.71,51.74,102.00
5d5d13fd953683001a401cd6,3.30,2020-09-11T12:17:35.000Z,8.71,51.74,102.00
5d5d13fd953683001a401cd6,3.50,2020-09-11T12:22:35.000Z,8.71,51.74,102.00
5d5d13fd953683001a401cd6,3.50,2020-09-11T12:27:35.000Z,8.71,51.74,102.00
5d5d13fd953683001a401cd6,3.90,2020-09-11T12:32:35.000Z,8.71,51.74,102.00
5d5d13fd953683001a401cd6,3.60,2020-09-11T12:37:35.000Z,8.71,51.74,102.00
5d5d13fd953683001a401cd6,4.20,2020-09-11T12:42:35.000Z,8.71,51.74,102.00
5d5d13fd953683001a401cd6,3.90,2020-09-11T12:47:35.000Z,8.71,51.74,102.00
5d5d13fd953683001a401cd6,4.40,2020-09-11T12:52:35.000Z,8.71,51.74,102.00
5d5d13fd953683001a401cd6,3.70,2020-09-11T12:57:35.000Z,8.71,51.74,102.00
5d5d13fd953683001a401cd6,3.80,2020-09-11T13:02:35.000Z,8.71,51.74,102.00
5d5d13fd953683001a401cd6,3.90,2020-09-11T13:07:35.000Z,8.71,51.74,102.00
5d5d13fd953683001a401cd6,4.00,2020-09-11T13:12:36.000Z,8.71,51.74,102.00
5d5d13fd953683001a401cd6,3.40,2020-09-11T13:17:36.000Z,8.71,51.74,102.00
5d5d13fd953683001a401cd6,4.30,2020-09-11T13:22:36.000Z,8.71,51.74,102.00
5d5d13fd953683001a401cd6,3.20,2020-09-11T13:27:36.000Z,8.71,51.74,102.00
5d5d13fd953683001a401cd6,4.10,2020-09-11T13:32:36.000Z,8.71,51.74,102.00
5d5d13fd953683001a401cd6,4.00,2020-09-11T13:37:36.000Z,8.71,51.74,102.00
5d5d13fd953683001a401cd6,3.70,2020-09-11T13:42:36.000Z,8.71,51.74,102.00
5d5d13fd953683001a401cd6,2.80,2020-09-11T13:47:36.000Z,8.71,51.74,102.00
5d5d13fd953683001a401cd6,3.30,2020-09-11T13:52:36.000Z,8.71,51.74,102.00
5d5d13fd953683001a401cd6,3.50,2020-09-11T13:57:36.000Z,8.71,51.74,102.00
5d5d13fd953683001a401cd6,4.10,2020-09-11T14:02:36.000Z,8.71,51.74,102.00
5d5d13fd953683001a401cd6,3.90,2020-09-11T14:07:36.000Z,8.71,51.74,102.00
5d5d13fd953683001a401cd6,4.30,2020-09-11T14:12:36.000Z,8.71,51.74,102.00
5d5d13fd953683001a401cd6,3.80,2020-09-11T14:17:36.000Z,8.71,51.74,102.00
5d5d13fd953683001a401cd6,3.50,2020-09-11T14:22:36.000Z,8.71,51.74,102.00
5d5d13fd953683001a401cd6,3.10,2020-09-11T14:27:36.000Z,8.71,51.74,102.00
5d5d13fd953683001a401cd6,4.00,2020-09-11T14:32:37.000Z,8.71,51.74,102.00
5d5d13fd953683001a401cd6,4.00,2020-09-11T14:37:37.000Z,8.71,51.74,102.00
5d5d13fd953683001a401cd6,4.00,2020-09-11T14:42:37.000Z,8.71,51.74,102.00
5d5d13fd953683001a401cd6,4.40,2020-09-11T14:47:37.000Z,8.71,51.74,102.00
5d5d13fd953683001a401cd6,3.50,2020-09-11T14:52:37.000Z,8.71,51.74,102.00
5d5d13fd953683001a401cd6,3.30,2020-09-11T14:57:37.000Z,8.71,51.74,102.00
5d5d13fd953683001a401cd6,3.60,2020-09-11T15:02:37.000Z,8.71,51.74,102.00
5d5d13fd953683001a401cd6,4.00,2020-09-11T15:07:37.000Z,8.71,51.74,102.00
5d5d13fd953683001a401cd6,4.10,2020-09-11T15:12:37.000Z,8.71,51.74,102.00
5d5d13fd953683001a401cd6,3.60,2020-09-11T15:17:37.000Z,8.71,51.74,102.00
5d5d13fd953683001a401cd6,3.60,2020-09-11T15:22:37.000Z,8.71,51.74,102.00
5d5d13fd953683001a401cd6,3.60,2020-09-11T15:27:37.000Z,8.71,51.74,102.00
5d5d13fd953683001a401cd6,3.50,2020-09-11T15:32:37.000Z,8.71,51.74,102.00
5d5d13fd953683001a401cd6,3.80,2020-09-11T15:37:37.000Z,8.71,51.74,102.00
5d5d13fd953683001a401cd6,3.20,2020-09-11T15:42:37.000Z,8.71,51.74,102.00
5d5d13fd953683001a401cd6,3.40,2020-09-11T15:47:38.000Z,8.71,51.74,102.00
5d5d13fd953683001a401cd6,3.30,2020-09-11T15:52:38.000Z,8.71,51.74,102.00
5d5d13fd953683001a401cd6,3.40,2020-09-11T15:57:38.000Z,8.71,51.74,102.00
5d5d13fd953683001a401cd6,3.80,2020-09-11T16:02:38.000Z,8.71,51.74,102.00
5d5d13fd953683001a401cd6,3.50,2020-09-11T16:07:38.000Z,8.71,51.74,102.00
5d5d13fd953683001a401cd6,3.50,2020-09-11T16:12:38.000Z,8.71,51.74,102.00
5d5d13fd953683001a401cd6,4.30,2020-09-11T16:17:38.000Z,8.71,51.74,102.00
5d5d13fd953683001a401cd6,3.80,2020-09-11T16:22:38.000Z,8.71,51.74,102.00
5d5d13fd953683001a401cd6,3.40,2020-09-11T16:27:38.000Z,8.71,51.74,102.00
5d5d13fd953683001a401cd6,3.50,2020-09-11T16:32:38.000Z,8.71,51.74,102.00
5d5d13fd953683001a401cd6,3.30,2020-09-11T16:37:38.000Z,8.71,51.74,102.00
5d5d13fd953683001a401cd6,3.70,2020-09-11T16:42:38.000Z,8.71,51.74,102.00
5d5d13fd953683001a401cd6,3.50,2020-09-11T16:47:38.000Z,8.71,51.74,102.00
5d5d13fd953683001a401cd6,3.30,2020-09-11T16:52:38.000Z,8.71,51.74,102.00
5d5d13fd953683001a401cd6,3.60,2020-09-11T16:57:38.000Z,8.71,51.74,102.00
5d5d13fd953683001a401cd6,4.40,2020-09-11T17:02:39.000Z,8.71,51.74,102.00
5d5d13fd953683001a401cd6,3.40,2020-09-11T17:07:39.000Z,8.71,51.74,102.00
5d5d13fd953683001a401cd6,3.20,2020-09-11T17:12:39.000Z,8.71,51.74,102.00
5d5d13fd953683001a401cd6,3.20,2020-09-11T17:17:39.000Z,8.71,51.74,102.00
5d5d13fd953683001a401cd6,3.40,2020-09-11T17:22:39.000Z,8.71,51.74,102.00
5d5d13fd953683001a401cd6,3.60,2020-09-11T17:27:39.000Z,8.71,51.74,102.00
5d5d13fd953683001a401cd6,3.20,2020-09-11T17:32:39.000Z,8.71,51.74,102.00
5d5d13fd953683001a401cd6,3.50,2020-09-11T17:37:39.000Z,8.71,51.74,102.00
5d5d13fd953683001a401cd6,2.50,2020-09-11T17:42:39.000Z,8.71,51.74,102.00
5d5d13fd953683001a401cd6,3.00,2020-09-11T17:47:39.000Z,8.71,51.74,102.00
5d5d13fd953683001a401cd6,2.80,2020-09-11T17:52:39.000Z,8.71,51.74,102.00
5d5d13fd953683001a401cd6,2.60,2020-09-11T17:57:39.000Z,8.71,51.74,102.00
5d5d13fd953683001a401cd6,2.70,2020-09-11T18:02:39.000Z,8.71,51.74,102.00
5d5d13fd953683001a401cd6,2.90,2020-09-11T18:07:39.000Z,8.71,51.74,102.00
5d5d13fd953683001a401cd6,2.90,2020-09-11T18:12:40.000Z,8.71,51.74,102.00
5d5d13fd953683001a401cd6,2.40,2020-09-11T18:17:40.000Z,8.71,51.74,102.00
5d5d13fd953683001a401cd6,2.60,2020-09-11T18:22:40.000Z,8.71,51.74,102.00
5d5d13fd953683001a401cd6,2.30,2020-09-11T18:27:40.000Z,8.71,51.74,102.00
5d5d13fd953683001a401cd6,2.40,2020-09-11T18:32:40.000Z,8.71,51.74,102.00
5d5d13fd953683001a401cd6,2.50,2020-09-11T18:37:40.000Z,8.71,51.74,102.00
5d5d13fd953683001a401cd6,2.30,2020-09-11T18:42:40.000Z,8.71,51.74,102.00
5d5d13fd953683001a401cd6,2.20,2020-09-11T18:47:40.000Z,8.71,51.74,102.00
5d5d13fd953683001a401cd6,2.80,2020-09-11T18:52:40.000Z,8.71,51.74,102.00
5d5d13fd953683001a401cd6,3.00,2020-09-11T18:57:40.000Z,8.71,51.74,102.00
5d5d13fd953683001a401cd6,2.90,2020-09-11T19:02:40.000Z,8.71,51.74,102.00
5d5d13fd953683001a401cd6,2.60,2020-09-11T19:07:40.000Z,8.71,51.74,102.00
5d5d13fd953683001a401cd6,3.60,2020-09-11T19:12:40.000Z,8.71,51.74,102.00
5d5d13fd953683001a401cd6,4.80,2020-09-11T19:17:40.000Z,8.71,51.74,102.00
5d5d13fd953683001a401cd6,5.20,2020-09-11T19:22:40.000Z,8.71,51.74,102.00
5d5d13fd953683001a401cd6,3.90,2020-09-11T19:27:40.000Z,8.71,51.74,102.00
5d5d13fd953683001a401cd6,3.60,2020-09-11T19:32:41.000Z,8.71,51.74,102.00
5d5d13fd953683001a401cd6,3.50,2020-09-11T19:37:41.000Z,8.71,51.74,102.00
5d5d13fd953683001a401cd6,2.70,2020-09-11T19:42:41.000Z,8.71,51.74,102.00
5d5d13fd953683001a401cd6,3.30,2020-09-11T19:47:41.000Z,8.71,51.74,102.00
5d5d13fd953683001a401cd6,4.20,2020-09-11T19:52:41.000Z,8.71,51.74,102.00
5d5d13fd953683001a401cd6,3.80,2020-09-11T19:57:41.000Z,8.71,51.74,102.00
5d5d13fd953683001a401cd6,4.20,2020-09-11T20:02:41.000Z,8.71,51.74,102.00
5d5d13fd953683001a401cd6,4.50,2020-09-11T20:07:41.000Z,8.71,51.74,102.00
5d5d13fd953683001a401cd6,3.80,2020-09-11T20:12:41.000Z,8.71,51.74,102.00
5d5d13fd953683001a401cd6,8.00,2020-09-11T20:17:41.000Z,8.71,51.74,102.00
5d5d13fd953683001a401cd6,8.20,2020-09-11T20:22:41.000Z,8.71,51.74,102.00
5d5d13fd953683001a401cd6,8.40,2020-09-11T20:27:41.000Z,8.71,51.74,102.00
5d5d13fd953683001a401cd6,11.10,2020-09-11T20:32:41.000Z,8.71,51.74,102.00
5d5d13fd953683001a401cd6,9.80,2020-09-11T20:37:41.000Z,8.71,51.74,102.00
5d5d13fd953683001a401cd6,9.10,2020-09-11T20:42:41.000Z,8.71,51.74,102.00
5d5d13fd953683001a401cd6,8.70,2020-09-11T20:47:42.000Z,8.71,51.74,102.00
5d5d13fd953683001a401cd6,6.70,2020-09-11T20:52:42.000Z,8.71,51.74,102.00
5d5d13fd953683001a401cd6,6.90,2020-09-11T20:57:42.000Z,8.71,51.74,102.00
5d5d13fd953683001a401cd6,10.80,2020-09-11T21:02:42.000Z,8.71,51.74,102.00
5d5d13fd953683001a401cd6,8.40,2020-09-11T21:07:42.000Z,8.71,51.74,102.00
5d5d13fd953683001a401cd6,6.90,2020-09-11T21:12:42.000Z,8.71,51.74,102.00
5d5d13fd953683001a401cd6,8.20,2020-09-11T21:17:42.000Z,8.71,51.74,102.00
5d5d13fd953683001a401cd6,10.50,2020-09-11T21:22:42.000Z,8.71,51.74,102.00
5d5d13fd953683001a401cd6,9.00,2020-09-11T21:27:42.000Z,8.71,51.74,102.00
5d5d13fd953683001a401cd6,9.90,2020-09-11T21:32:42.000Z,8.71,51.74,102.00
5d5d13fd953683001a401cd6,7.50,2020-09-11T21:37:42.000Z,8.71,51.74,102.00
5d5d13fd953683001a401cd6,7.30,2020-09-11T21:42:42.000Z,8.71,51.74,102.00
5d5d13fd953683001a401cd6,6.80,2020-09-11T21:47:42.000Z,8.71,51.74,102.00
5d5d13fd953683001a401cd6,6.10,2020-09-11T21:52:42.000Z,8.71,51.74,102.00
5d5d13fd953683001a401cd6,6.20,2020-09-11T21:57:42.000Z,8.71,51.74,102.00
5d5d13fd953683001a401cd6,5.90,2020-09-11T22:02:43.000Z,8.71,51.74,102.00
5d5d13fd953683001a401cd6,6.90,2020-09-11T22:07:43.000Z,8.71,51.74,102.00
5d5d13fd953683001a401cd6,6.90,2020-09-11T22:12:43.000Z,8.71,51.74,102.00
5d5d13fd953683001a401cd6,6.70,2020-09-11T22:17:43.000Z,8.71,51.74,102.00
5d5d13fd953683001a401cd6,7.10,2020-09-11T22:22:43.000Z,8.71,51.74,102.00
5d5d13fd953683001a401cd6,6.90,2020-09-11T22:27:43.000Z,8.71,51.74,102.00
5d5d13fd953683001a401cd6,6.90,2020-09-11T22:32:43.000Z,8.71,51.74,102.00
5d5d13fd953683001a401cd6,6.90,2020-09-11T22:37:43.000Z,8.71,51.74,102.00
5d5d13fd953683001a401cd6,7.00,2020-09-11T22:42:43.000Z,8.71,51.74,102.00
5d5d13fd953683001a401cd6,7.10,2020-09-11T22:47:43.000Z,8.71,51.74,102.00
5d5d13fd953683001a401cd6,7.20,2020-09-11T22:52:43.000Z,8.71,51.74,102.00
5d5d13fd953683001a401cd6,6.40,2020-09-11T22:57:43.000Z,8.71,51.74,102.00
5d5d13fd953683001a401cd6,8.60,2020-09-11T23:02:43.000Z,8.71,51.74,102.00
5d5d13fd953683001a401cd6,7.00,2020-09-11T23:07:43.000Z,8.71,51.74,102.00
5d5d13fd953683001a401cd6,7.40,2020-09-11T23:12:43.000Z,8.71,51.74,102.00
5d5d13fd953683001a401cd6,6.70,2020-09-11T23:17:43.000Z,8.71,51.74,102.00
5d5d13fd953683001a401cd6,7.30,2020-09-11T23:22:44.000Z,8.71,51.74,102.00
5d5d13fd953683001a401cd6,6.00,2020-09-11T23:27:44.000Z,8.71,51.74,102.00
5d5d13fd953683001a401cd6,6.70,2020-09-11T23:32:44.000Z,8.71,51.74,102.00
5d5d13fd953683001a401cd6,6.00,2020-09-11T23:37:44.000Z,8.71,51.74,102.00
5d5d13fd953683001a401cd6,6.90,2020-09-11T23:42:44.000Z,8.71,51.74,102.00
5d5d13fd953683001a401cd6,5.50,2020-09-11T23:47:44.000Z,8.71,51.74,102.00
5d5d13fd953683001a401cd6,6.00,2020-09-11T23:52:44.000Z,8.71,51.74,102.00
5d5d13fd953683001a401cd6,6.10,2020-09-11T23:57:44.000Z,8.71,51.74,102.00
5d5d13fd953683001a401cd6,6.20,2020-09-12T00:02:44.000Z,8.71,51.74,102.00
5d5d13fd953683001a401cd6,6.10,2020-09-12T00:07:44.000Z,8.71,51.74,102.00
5d5d13fd953683001a401cd6,5.90,2020-09-12T00:12:44.000Z,8.71,51.74,102.00
5d5d13fd953683001a401cd6,5.30,2020-09-12T00:17:44.000Z,8.71,51.74,102.00
5d5d13fd953683001a401cd6,6.20,2020-09-12T00:22:44.000Z,8.71,51.74,102.00
5d5d13fd953683001a401cd6,6.20,2020-09-12T00:27:44.000Z,8.71,51.74,102.00
5d5d13fd953683001a401cd6,6.30,2020-09-12T00:32:44.000Z,8.71,51.74,102.00
5d5d13fd953683001a401cd6,6.60,2020-09-12T00:37:45.000Z,8.71,51.74,102.00
5d5d13fd953683001a401cd6,6.60,2020-09-12T00:42:45.000Z,8.71,51.74,102.00
5d5d13fd953683001a401cd6,6.40,2020-09-12T00:47:45.000Z,8.71,51.74,102.00
5d5d13fd953683001a401cd6,6.00,2020-09-12T00:52:45.000Z,8.71,51.74,102.00
5d5d13fd953683001a401cd6,6.70,2020-09-12T00:57:45.000Z,8.71,51.74,102.00
5d5d13fd953683001a401cd6,7.00,2020-09-12T01:02:45.000Z,8.71,51.74,102.00
5d5d13fd953683001a401cd6,6.30,2020-09-12T01:07:45.000Z,8.71,51.74,102.00
5d5d13fd953683001a401cd6,6.20,2020-09-12T01:12:45.000Z,8.71,51.74,102.00
5d5d13fd953683001a401cd6,6.20,2020-09-12T01:17:45.000Z,8.71,51.74,102.00
5d5d13fd953683001a401cd6,6.30,2020-09-12T01:22:46.000Z,8.71,51.74,102.00
5d5d13fd953683001a401cd6,6.40,2020-09-12T01:27:46.000Z,8.71,51.74,102.00
5d5d13fd953683001a401cd6,6.50,2020-09-12T01:32:46.000Z,8.71,51.74,102.00
5d5d13fd953683001a401cd6,6.20,2020-09-12T01:37:46.000Z,8.71,51.74,102.00
5d5d13fd953683001a401cd6,6.20,2020-09-12T01:42:46.000Z,8.71,51.74,102.00
5d5d13fd953683001a401cd6,5.90,2020-09-12T01:47:46.000Z,8.71,51.74,102.00
5d5d13fd953683001a401cd6,6.90,2020-09-12T01:52:46.000Z,8.71,51.74,102.00
5d5d13fd953683001a401cd6,6.00,2020-09-12T01:57:46.000Z,8.71,51.74,102.00
5d5d13fd953683001a401cd6,6.70,2020-09-12T02:02:46.000Z,8.71,51.74,102.00
5d5d13fd953683001a401cd6,6.30,2020-09-12T02:07:46.000Z,8.71,51.74,102.00
5d5d13fd953683001a401cd6,6.40,2020-09-12T02:12:46.000Z,8.71,51.74,102.00
5d5d13fd953683001a401cd6,6.00,2020-09-12T02:17:46.000Z,8.71,51.74,102.00
5d5d13fd953683001a401cd6,6.10,2020-09-12T02:22:47.000Z,8.71,51.74,102.00
5d5d13fd953683001a401cd6,5.80,2020-09-12T02:27:47.000Z,8.71,51.74,102.00
5d5d13fd953683001a401cd6,5.20,2020-09-12T02:32:47.000Z,8.71,51.74,102.00
5d5d13fd953683001a401cd6,5.30,2020-09-12T02:37:47.000Z,8.71,51.74,102.00
5d5d13fd953683001a401cd6,6.00,2020-09-12T02:42:47.000Z,8.71,51.74,102.00
5d5d13fd953683001a401cd6,5.70,2020-09-12T02:47:47.000Z,8.71,51.74,102.00
5d5d13fd953683001a401cd6,5.90,2020-09-12T02:52:47.000Z,8.71,51.74,102.00
5d5d13fd953683001a401cd6,5.70,2020-09-12T02:57:47.000Z,8.71,51.74,102.00
5d5d13fd953683001a401cd6,5.90,2020-09-12T03:02:47.000Z,8.71,51.74,102.00
5d5d13fd953683001a401cd6,6.00,2020-09-12T03:07:47.000Z,8.71,51.74,102.00
5d5d13fd953683001a401cd6,6.30,2020-09-12T03:12:47.000Z,8.71,51.74,102.00
5d5d13fd953683001a401cd6,5.40,2020-09-12T03:17:48.000Z,8.71,51.74,102.00
5d5d13fd953683001a401cd6,5.00,2020-09-12T03:22:48.000Z,8.71,51.74,102.00
5d5d13fd953683001a401cd6,5.70,2020-09-12T03:27:48.000Z,8.71,51.74,102.00
5d5d13fd953683001a401cd6,5.50,2020-09-12T03:32:48.000Z,8.71,51.74,102.00
5d5d13fd953683001a401cd6,5.30,2020-09-12T03:37:48.000Z,8.71,51.74,102.00
5d5d13fd953683001a401cd6,5.30,2020-09-12T03:42:48.000Z,8.71,51.74,102.00
5d5d13fd953683001a401cd6,5.50,2020-09-12T03:47:48.000Z,8.71,51.74,102.00
5d5d13fd953683001a401cd6,4.80,2020-09-12T03:52:48.000Z,8.71,51.74,102.00
5d5d13fd953683001a401cd6,5.40,2020-09-12T03:57:48.000Z,8.71,51.74,102.00
5d5d13fd953683001a401cd6,5.50,2020-09-12T04:02:48.000Z,8.71,51.74,102.00
5d5d13fd953683001a401cd6,5.00,2020-09-12T04:07:48.000Z,8.71,51.74,102.00
5d5d13fd953683001a401cd6,4.60,2020-09-12T04:12:48.000Z,8.71,51.74,102.00
5d5d13fd953683001a401cd6,4.90,2020-09-12T04:17:49.000Z,8.71,51.74,102.00
5d5d13fd953683001a401cd6,4.90,2020-09-12T04:22:49.000Z,8.71,51.74,102.00
5d5d13fd953683001a401cd6,5.00,2020-09-12T04:27:49.000Z,8.71,51.74,102.00
5d5d13fd953683001a401cd6,4.40,2020-09-12T04:32:49.000Z,8.71,51.74,102.00
5d5d13fd953683001a401cd6,4.40,2020-09-12T04:37:49.000Z,8.71,51.74,102.00
5d5d13fd953683001a401cd6,4.60,2020-09-12T04:42:49.000Z,8.71,51.74,102.00
5d5d13fd953683001a401cd6,6.00,2020-09-12T04:47:49.000Z,8.71,51.74,102.00
5d5d13fd953683001a401cd6,5.30,2020-09-12T04:52:49.000Z,8.71,51.74,102.00
5d5d13fd953683001a401cd6,4.70,2020-09-12T04:57:49.000Z,8.71,51.74,102.00
5d5d13fd953683001a401cd6,4.70,2020-09-12T05:02:49.000Z,8.71,51.74,102.00
5d5d13fd953683001a401cd6,4.80,2020-09-12T05:07:49.000Z,8.71,51.74,102.00
5d5d13fd953683001a401cd6,4.40,2020-09-12T05:12:49.000Z,8.71,51.74,102.00
5d5d13fd953683001a401cd6,4.70,2020-09-12T05:17:50.000Z,8.71,51.74,102.00
5d5d13fd953683001a401cd6,4.60,2020-09-12T05:22:50.000Z,8.71,51.74,102.00
5d5d13fd953683001a401cd6,4.70,2020-09-12T05:27:50.000Z,8.71,51.74,102.00
5d5d13fd953683001a401cd6,4.50,2020-09-12T05:32:50.000Z,8.71,51.74,102.00
5d5d13fd953683001a401cd6,5.10,2020-09-12T05:37:50.000Z,8.71,51.74,102.00
5d5d13fd953683001a401cd6,4.40,2020-09-12T05:42:50.000Z,8.71,51.74,102.00
5d5d13fd953683001a401cd6,5.00,2020-09-12T05:47:50.000Z,8.71,51.74,102.00
5d5d13fd953683001a401cd6,4.80,2020-09-12T05:52:50.000Z,8.71,51.74,102.00
5d5d13fd953683001a401cd6,4.80,2020-09-12T05:57:50.000Z,8.71,51.74,102.00
5d5d13fd953683001a401cd6,5.60,2020-09-12T06:02:50.000Z,8.71,51.74,102.00
5d5d13fd953683001a401cd6,5.10,2020-09-12T06:07:50.000Z,8.71,51.74,102.00
5d5d13fd953683001a401cd6,5.20,2020-09-12T06:12:50.000Z,8.71,51.74,102.00
5d5d13fd953683001a401cd6,4.80,2020-09-12T06:17:51.000Z,8.71,51.74,102.00
5d5d13fd953683001a401cd6,4.30,2020-09-12T06:22:51.000Z,8.71,51.74,102.00
5d5d13fd953683001a401cd6,4.70,2020-09-12T06:27:51.000Z,8.71,51.74,102.00
5d5d13fd953683001a401cd6,4.90,2020-09-12T06:32:51.000Z,8.71,51.74,102.00
5d5d13fd953683001a401cd6,5.30,2020-09-12T06:37:51.000Z,8.71,51.74,102.00
5d5d13fd953683001a401cd6,4.80,2020-09-12T06:42:51.000Z,8.71,51.74,102.00
5d5d13fd953683001a401cd6,4.80,2020-09-12T06:47:51.000Z,8.71,51.74,102.00
5d5d13fd953683001a401cd6,5.60,2020-09-12T06:52:51.000Z,8.71,51.74,102.00
5d5d13fd953683001a401cd6,5.00,2020-09-12T06:57:51.000Z,8.71,51.74,102.00
5d5d13fd953683001a401cd6,5.00,2020-09-12T07:02:51.000Z,8.71,51.74,102.00
5d5d13fd953683001a401cd6,5.10,2020-09-12T07:07:51.000Z,8.71,51.74,102.00
5d5d13fd953683001a401cd6,4.90,2020-09-12T07:12:51.000Z,8.71,51.74,102.00
5d5d13fd953683001a401cd6,5.10,2020-09-12T07:17:51.000Z,8.71,51.74,102.00
5d5d13fd953683001a401cd6,5.50,2020-09-12T07:22:51.000Z,8.71,51.74,102.00
5d5d13fd953683001a401cd6,5.30,2020-09-12T07:27:52.000Z,8.71,51.74,102.00
5d5d13fd953683001a401cd6,5.50,2020-09-12T07:32:52.000Z,8.71,51.74,102.00
5d5d13fd953683001a401cd6,4.90,2020-09-12T07:37:52.000Z,8.71,51.74,102.00
5d5d13fd953683001a401cd6,4.80,2020-09-12T07:42:52.000Z,8.71,51.74,102.00
5d5d13fd953683001a401cd6,5.40,2020-09-12T07:47:52.000Z,8.71,51.74,102.00
5d5d13fd953683001a401cd6,5.10,2020-09-12T07:52:52.000Z,8.71,51.74,102.00
5d5d13fd953683001a401cd6,5.30,2020-09-12T07:57:52.000Z,8.71,51.74,102.00
5d5d13fd953683001a401cd6,5.20,2020-09-12T08:02:52.000Z,8.71,51.74,102.00
5d5d13fd953683001a401cd6,5.10,2020-09-12T08:07:52.000Z,8.71,51.74,102.00
5d5d13fd953683001a401cd6,5.40,2020-09-12T08:12:52.000Z,8.71,51.74,102.00
5d5d13fd953683001a401cd6,5.20,2020-09-12T08:17:52.000Z,8.71,51.74,102.00
5d5d13fd953683001a401cd6,4.20,2020-09-12T08:22:52.000Z,8.71,51.74,102.00
5d5d13fd953683001a401cd6,5.40,2020-09-12T08:27:52.000Z,8.71,51.74,102.00
5d5d13fd953683001a401cd6,4.50,2020-09-12T08:32:52.000Z,8.71,51.74,102.00
5d5d13fd953683001a401cd6,5.10,2020-09-12T08:37:53.000Z,8.71,51.74,102.00
5d5d13fd953683001a401cd6,5.30,2020-09-12T08:42:53.000Z,8.71,51.74,102.00
5d5d13fd953683001a401cd6,5.50,2020-09-12T08:47:53.000Z,8.71,51.74,102.00
5d5d13fd953683001a401cd6,5.80,2020-09-12T08:52:53.000Z,8.71,51.74,102.00
5d5d13fd953683001a401cd6,5.60,2020-09-12T08:57:53.000Z,8.71,51.74,102.00
5d5d13fd953683001a401cd6,5.40,2020-09-12T09:02:53.000Z,8.71,51.74,102.00
5d5d13fd953683001a401cd6,5.40,2020-09-12T09:07:53.000Z,8.71,51.74,102.00
5d5d13fd953683001a401cd6,4.90,2020-09-12T09:12:53.000Z,8.71,51.74,102.00
5d5d13fd953683001a401cd6,5.40,2020-09-12T09:17:53.000Z,8.71,51.74,102.00
5d5d13fd953683001a401cd6,5.50,2020-09-12T09:22:53.000Z,8.71,51.74,102.00
5d5d13fd953683001a401cd6,4.70,2020-09-12T09:27:53.000Z,8.71,51.74,102.00
5d5d13fd953683001a401cd6,4.40,2020-09-12T09:32:53.000Z,8.71,51.74,102.00
5d5d13fd953683001a401cd6,5.00,2020-09-12T09:37:53.000Z,8.71,51.74,102.00
5d5d13fd953683001a401cd6,5.50,2020-09-12T09:42:53.000Z,8.71,51.74,102.00
5d5d13fd953683001a401cd6,4.70,2020-09-12T09:47:54.000Z,8.71,51.74,102.00
5d5d13fd953683001a401cd6,5.30,2020-09-12T09:52:54.000Z,8.71,51.74,102.00
5d5d13fd953683001a401cd6,5.40,2020-09-12T09:57:54.000Z,8.71,51.74,102.00
5d5d13fd953683001a401cd6,5.10,2020-09-12T10:02:54.000Z,8.71,51.74,102.00
5d5d13fd953683001a401cd6,5.70,2020-09-12T10:07:54.000Z,8.71,51.74,102.00
5d5d13fd953683001a401cd6,5.20,2020-09-12T10:12:54.000Z,8.71,51.74,102.00
5d5d13fd953683001a401cd6,5.10,2020-09-12T10:17:54.000Z,8.71,51.74,102.00
5d5d13fd953683001a401cd6,5.30,2020-09-12T10:22:54.000Z,8.71,51.74,102.00
5d5d13fd953683001a401cd6,5.00,2020-09-12T10:27:54.000Z,8.71,51.74,102.00
5d5d13fd953683001a401cd6,5.20,2020-09-12T10:32:54.000Z,8.71,51.74,102.00
5d5d13fd953683001a401cd6,5.70,2020-09-12T10:37:54.000Z,8.71,51.74,102.00
5d5d13fd953683001a401cd6,5.70,2020-09-12T10:42:54.000Z,8.71,51.74,102.00
5d5d13fd953683001a401cd6,5.30,2020-09-12T10:47:54.000Z,8.71,51.74,102.00
5d5d13fd953683001a401cd6,5.20,2020-09-12T10:52:54.000Z,8.71,51.74,102.00
5d5d13fd953683001a401cd6,5.80,2020-09-12T10:57:55.000Z,8.71,51.74,102.00
5d5d13fd953683001a401cd6,6.40,2020-09-12T11:02:55.000Z,8.71,51.74,102.00
5d5d13fd953683001a401cd6,7.30,2020-09-12T11:07:55.000Z,8.71,51.74,102.00
5d5d13fd953683001a401cd6,8.00,2020-09-12T11:12:55.000Z,8.71,51.74,102.00
5d5d13fd953683001a401cd6,6.90,2020-09-12T11:17:55.000Z,8.71,51.74,102.00
5d5d13fd953683001a401cd6,7.70,2020-09-12T11:22:55.000Z,8.71,51.74,102.00
5d5d13fd953683001a401cd6,7.80,2020-09-12T11:27:55.000Z,8.71,51.74,102.00
5d5d13fd953683001a401cd6,9.00,2020-09-12T11:32:55.000Z,8.71,51.74,102.00
5d5d13fd953683001a401cd6,9.80,2020-09-12T11:37:55.000Z,8.71,51.74,102.00
5d5d13fd953683001a401cd6,8.90,2020-09-12T11:42:55.000Z,8.71,51.74,102.00
5d5d13fd953683001a401cd6,10.70,2020-09-12T11:47:55.000Z,8.71,51.74,102.00
5d5d13fd953683001a401cd6,9.70,2020-09-12T11:52:55.000Z,8.71,51.74,102.00
5d5d13fd953683001a401cd6,14.10,2020-09-12T11:57:55.000Z,8.71,51.74,102.00
5d5d13fd953683001a401cd6,14.50,2020-09-12T12:02:55.000Z,8.71,51.74,102.00
5d5d13fd953683001a401cd6,15.00,2020-09-12T12:07:56.000Z,8.71,51.74,102.00
5d5d13fd953683001a401cd6,15.30,2020-09-12T12:12:56.000Z,8.71,51.74,102.00
5d5d13fd953683001a401cd6,15.70,2020-09-12T12:17:56.000Z,8.71,51.74,102.00
5d5d13fd953683001a401cd6,13.80,2020-09-12T12:22:56.000Z,8.71,51.74,102.00
5d5d13fd953683001a401cd6,13.80,2020-09-12T12:27:56.000Z,8.71,51.74,102.00
5d5d13fd953683001a401cd6,12.80,2020-09-12T12:32:56.000Z,8.71,51.74,102.00
5d5d13fd953683001a401cd6,12.60,2020-09-12T12:37:56.000Z,8.71,51.74,102.00
5d5d13fd953683001a401cd6,13.50,2020-09-12T12:42:56.000Z,8.71,51.74,102.00
5d5d13fd953683001a401cd6,12.60,2020-09-12T12:47:56.000Z,8.71,51.74,102.00
5d5d13fd953683001a401cd6,12.30,2020-09-12T12:52:56.000Z,8.71,51.74,102.00
5d5d13fd953683001a401cd6,11.20,2020-09-12T12:57:56.000Z,8.71,51.74,102.00
5d5d13fd953683001a401cd6,12.80,2020-09-12T13:02:56.000Z,8.71,51.74,102.00
5d5d13fd953683001a401cd6,11.90,2020-09-12T13:07:56.000Z,8.71,51.74,102.00
5d5d13fd953683001a401cd6,9.50,2020-09-12T13:12:56.000Z,8.71,51.74,102.00
5d5d13fd953683001a401cd6,11.30,2020-09-12T13:17:57.000Z,8.71,51.74,102.00
5d5d13fd953683001a401cd6,10.60,2020-09-12T13:22:57.000Z,8.71,51.74,102.00
5d5d13fd953683001a401cd6,9.90,2020-09-12T13:27:57.000Z,8.71,51.74,102.00
5d5d13fd953683001a401cd6,9.40,2020-09-12T13:32:57.000Z,8.71,51.74,102.00
5d5d13fd953683001a401cd6,10.10,2020-09-12T13:37:57.000Z,8.71,51.74,102.00
5d5d13fd953683001a401cd6,7.50,2020-09-12T13:42:57.000Z,8.71,51.74,102.00
5d5d13fd953683001a401cd6,7.80,2020-09-12T13:47:57.000Z,8.71,51.74,102.00
5d5d13fd953683001a401cd6,8.00,2020-09-12T13:52:57.000Z,8.71,51.74,102.00
5d5d13fd953683001a401cd6,6.50,2020-09-12T13:57:57.000Z,8.71,51.74,102.00
5d5d13fd953683001a401cd6,7.60,2020-09-12T14:02:57.000Z,8.71,51.74,102.00
5d5d13fd953683001a401cd6,6.00,2020-09-12T14:07:57.000Z,8.71,51.74,102.00
5d5d13fd953683001a401cd6,6.80,2020-09-12T14:12:57.000Z,8.71,51.74,102.00
5d5d13fd953683001a401cd6,6.80,2020-09-12T14:17:57.000Z,8.71,51.74,102.00
5d5d13fd953683001a401cd6,7.10,2020-09-12T14:22:58.000Z,8.71,51.74,102.00
5d5d13fd953683001a401cd6,7.20,2020-09-12T14:27:58.000Z,8.71,51.74,102.00
5d5d13fd953683001a401cd6,7.10,2020-09-12T14:32:58.000Z,8.71,51.74,102.00
5d5d13fd953683001a401cd6,6.70,2020-09-12T14:37:58.000Z,8.71,51.74,102.00
5d5d13fd953683001a401cd6,6.20,2020-09-12T14:42:58.000Z,8.71,51.74,102.00
5d5d13fd953683001a401cd6,5.30,2020-09-12T14:47:58.000Z,8.71,51.74,102.00
5d5d13fd953683001a401cd6,6.20,2020-09-12T14:52:58.000Z,8.71,51.74,102.00
5d5d13fd953683001a401cd6,6.10,2020-09-12T14:57:58.000Z,8.71,51.74,102.00
5d5d13fd953683001a401cd6,5.10,2020-09-12T15:02:58.000Z,8.71,51.74,102.00
5d5d13fd953683001a401cd6,6.00,2020-09-12T15:07:58.000Z,8.71,51.74,102.00
5d5d13fd953683001a401cd6,5.20,2020-09-12T15:12:58.000Z,8.71,51.74,102.00
5d5d13fd953683001a401cd6,4.80,2020-09-12T15:17:58.000Z,8.71,51.74,102.00
5d5d13fd953683001a401cd6,5.30,2020-09-12T15:22:58.000Z,8.71,51.74,102.00
5d5d13fd953683001a401cd6,4.30,2020-09-12T15:27:58.000Z,8.71,51.74,102.00
5d5d13fd953683001a401cd6,4.50,2020-09-12T15:32:59.000Z,8.71,51.74,102.00
5d5d13fd953683001a401cd6,5.30,2020-09-12T15:37:59.000Z,8.71,51.74,102.00
5d5d13fd953683001a401cd6,5.10,2020-09-12T15:42:59.000Z,8.71,51.74,102.00
5d5d13fd953683001a401cd6,4.70,2020-09-12T15:47:59.000Z,8.71,51.74,102.00
5d5d13fd953683001a401cd6,5.00,2020-09-12T15:52:59.000Z,8.71,51.74,102.00
5d5d13fd953683001a401cd6,4.60,2020-09-12T15:57:59.000Z,8.71,51.74,102.00
5d5d13fd953683001a401cd6,5.10,2020-09-12T16:02:59.000Z,8.71,51.74,102.00
5d5d13fd953683001a401cd6,4.40,2020-09-12T16:07:59.000Z,8.71,51.74,102.00
5d5d13fd953683001a401cd6,5.50,2020-09-12T16:12:59.000Z,8.71,51.74,102.00
5d5d13fd953683001a401cd6,4.50,2020-09-12T16:17:59.000Z,8.71,51.74,102.00
5d5d13fd953683001a401cd6,6.10,2020-09-12T16:22:59.000Z,8.71,51.74,102.00
5d5d13fd953683001a401cd6,6.10,2020-09-12T16:27:59.000Z,8.71,51.74,102.00
5d5d13fd953683001a401cd6,4.50,2020-09-12T16:32:59.000Z,8.71,51.74,102.00
5d5d13fd953683001a401cd6,5.10,2020-09-12T16:37:59.000Z,8.71,51.74,102.00
5d5d13fd953683001a401cd6,7.00,2020-09-12T16:43:00.000Z,8.71,51.74,102.00
5d5d13fd953683001a401cd6,6.20,2020-09-12T16:48:00.000Z,8.71,51.74,102.00
5d5d13fd953683001a401cd6,6.80,2020-09-12T16:53:00.000Z,8.71,51.74,102.00
5d5d13fd953683001a401cd6,7.40,2020-09-12T16:58:00.000Z,8.71,51.74,102.00
5d5d13fd953683001a401cd6,6.80,2020-09-12T17:03:00.000Z,8.71,51.74,102.00
5d5d13fd953683001a401cd6,8.70,2020-09-12T17:08:00.000Z,8.71,51.74,102.00
5d5d13fd953683001a401cd6,8.60,2020-09-12T17:13:00.000Z,8.71,51.74,102.00
5d5d13fd953683001a401cd6,7.80,2020-09-12T17:18:00.000Z,8.71,51.74,102.00
5d5d13fd953683001a401cd6,6.30,2020-09-12T17:23:00.000Z,8.71,51.74,102.00
5d5d13fd953683001a401cd6,6.40,2020-09-12T17:28:00.000Z,8.71,51.74,102.00
5d5d13fd953683001a401cd6,5.90,2020-09-12T17:33:00.000Z,8.71,51.74,102.00
5d5d13fd953683001a401cd6,6.30,2020-09-12T17:38:00.000Z,8.71,51.74,102.00
5d5d13fd953683001a401cd6,5.30,2020-09-12T17:43:00.000Z,8.71,51.74,102.00
5d5d13fd953683001a401cd6,6.00,2020-09-12T17:48:00.000Z,8.71,51.74,102.00
5d5d13fd953683001a401cd6,6.00,2020-09-12T17:53:01.000Z,8.71,51.74,102.00
5d5d13fd953683001a401cd6,7.00,2020-09-12T17:58:01.000Z,8.71,51.74,102.00
5d5d13fd953683001a401cd6,7.60,2020-09-12T18:03:01.000Z,8.71,51.74,102.00
5d5d13fd953683001a401cd6,6.10,2020-09-12T18:08:01.000Z,8.71,51.74,102.00
5d5d13fd953683001a401cd6,6.80,2020-09-12T18:13:01.000Z,8.71,51.74,102.00
5d5d13fd953683001a401cd6,5.50,2020-09-12T18:18:01.000Z,8.71,51.74,102.00
5d5d13fd953683001a401cd6,5.30,2020-09-12T18:23:01.000Z,8.71,51.74,102.00
5d5d13fd953683001a401cd6,5.80,2020-09-12T18:28:01.000Z,8.71,51.74,102.00
5d5d13fd953683001a401cd6,5.30,2020-09-12T18:33:01.000Z,8.71,51.74,102.00
5d5d13fd953683001a401cd6,5.30,2020-09-12T18:38:01.000Z,8.71,51.74,102.00
5d5d13fd953683001a401cd6,5.40,2020-09-12T18:43:01.000Z,8.71,51.74,102.00
5d5d13fd953683001a401cd6,4.50,2020-09-12T18:48:01.000Z,8.71,51.74,102.00
5d5d13fd953683001a401cd6,5.50,2020-09-12T18:53:01.000Z,8.71,51.74,102.00
5d5d13fd953683001a401cd6,5.00,2020-09-12T18:58:01.000Z,8.71,51.74,102.00
5d5d13fd953683001a401cd6,5.20,2020-09-12T19:03:02.000Z,8.71,51.74,102.00
5d5d13fd953683001a401cd6,4.60,2020-09-12T19:08:02.000Z,8.71,51.74,102.00
5d5d13fd953683001a401cd6,4.80,2020-09-12T19:13:02.000Z,8.71,51.74,102.00
5d5d13fd953683001a401cd6,4.10,2020-09-12T19:18:02.000Z,8.71,51.74,102.00
5d5d13fd953683001a401cd6,4.30,2020-09-12T19:23:02.000Z,8.71,51.74,102.00
5d5d13fd953683001a401cd6,4.60,2020-09-12T19:28:02.000Z,8.71,51.74,102.00
5d5d13fd953683001a401cd6,4.30,2020-09-12T19:33:02.000Z,8.71,51.74,102.00
5d5d13fd953683001a401cd6,5.00,2020-09-12T19:38:02.000Z,8.71,51.74,102.00
5d5d13fd953683001a401cd6,5.10,2020-09-12T19:43:02.000Z,8.71,51.74,102.00
5d5d13fd953683001a401cd6,4.40,2020-09-12T19:48:02.000Z,8.71,51.74,102.00
5d5d13fd953683001a401cd6,5.50,2020-09-12T19:53:02.000Z,8.71,51.74,102.00
5d5d13fd953683001a401cd6,5.20,2020-09-12T19:58:02.000Z,8.71,51.74,102.00
5d5d13fd953683001a401cd6,4.10,2020-09-12T20:03:02.000Z,8.71,51.74,102.00
5d5d13fd953683001a401cd6,5.20,2020-09-12T20:08:02.000Z,8.71,51.74,102.00
5d5d13fd953683001a401cd6,5.60,2020-09-12T20:13:03.000Z,8.71,51.74,102.00
5d5d13fd953683001a401cd6,5.30,2020-09-12T20:18:03.000Z,8.71,51.74,102.00
5d5d13fd953683001a401cd6,4.80,2020-09-12T20:23:03.000Z,8.71,51.74,102.00
5d5d13fd953683001a401cd6,4.50,2020-09-12T20:28:03.000Z,8.71,51.74,102.00
5d5d13fd953683001a401cd6,4.40,2020-09-12T20:33:03.000Z,8.71,51.74,102.00
5d5d13fd953683001a401cd6,4.70,2020-09-12T20:38:03.000Z,8.71,51.74,102.00
5d5d13fd953683001a401cd6,4.20,2020-09-12T20:43:03.000Z,8.71,51.74,102.00
5d5d13fd953683001a401cd6,4.50,2020-09-12T20:48:03.000Z,8.71,51.74,102.00
5d5d13fd953683001a401cd6,5.10,2020-09-12T20:53:03.000Z,8.71,51.74,102.00
5d5d13fd953683001a401cd6,5.30,2020-09-12T20:58:03.000Z,8.71,51.74,102.00
5d5d13fd953683001a401cd6,6.20,2020-09-12T21:03:03.000Z,8.71,51.74,102.00
5d5d13fd953683001a401cd6,6.40,2020-09-12T21:08:03.000Z,8.71,51.74,102.00
5d5d13fd953683001a401cd6,6.50,2020-09-12T21:13:03.000Z,8.71,51.74,102.00
5d5d13fd953683001a401cd6,5.90,2020-09-12T21:18:04.000Z,8.71,51.74,102.00
5d5d13fd953683001a401cd6,6.10,2020-09-12T21:23:04.000Z,8.71,51.74,102.00
5d5d13fd953683001a401cd6,6.80,2020-09-12T21:28:04.000Z,8.71,51.74,102.00
5d5d13fd953683001a401cd6,6.10,2020-09-12T21:33:04.000Z,8.71,51.74,102.00
5d5d13fd953683001a401cd6,7.10,2020-09-12T21:38:04.000Z,8.71,51.74,102.00
5d5d13fd953683001a401cd6,5.20,2020-09-12T21:43:04.000Z,8.71,51.74,102.00
5d5d13fd953683001a401cd6,6.10,2020-09-12T21:48:04.000Z,8.71,51.74,102.00
5d5d13fd953683001a401cd6,6.90,2020-09-12T21:53:04.000Z,8.71,51.74,102.00
5d5d13fd953683001a401cd6,7.10,2020-09-12T21:58:04.000Z,8.71,51.74,102.00
5d5d13fd953683001a401cd6,7.50,2020-09-12T22:03:04.000Z,8.71,51.74,102.00
5d5d13fd953683001a401cd6,7.10,2020-09-12T22:08:04.000Z,8.71,51.74,102.00
5d5d13fd953683001a401cd6,7.90,2020-09-12T22:13:04.000Z,8.71,51.74,102.00
5d5d13fd953683001a401cd6,7.00,2020-09-12T22:18:04.000Z,8.71,51.74,102.00
5d5d13fd953683001a401cd6,6.90,2020-09-12T22:23:04.000Z,8.71,51.74,102.00
5d5d13fd953683001a401cd6,6.70,2020-09-12T22:28:05.000Z,8.71,51.74,102.00
5d5d13fd953683001a401cd6,8.20,2020-09-12T22:33:05.000Z,8.71,51.74,102.00
5d5d13fd953683001a401cd6,8.50,2020-09-12T22:38:05.000Z,8.71,51.74,102.00
5d5d13fd953683001a401cd6,8.50,2020-09-12T22:43:05.000Z,8.71,51.74,102.00
5d5d13fd953683001a401cd6,9.40,2020-09-12T22:48:05.000Z,8.71,51.74,102.00
5d5d13fd953683001a401cd6,8.50,2020-09-12T22:53:05.000Z,8.71,51.74,102.00
5d5d13fd953683001a401cd6,8.60,2020-09-12T22:58:05.000Z,8.71,51.74,102.00
5d5d13fd953683001a401cd6,9.20,2020-09-12T23:03:05.000Z,8.71,51.74,102.00
5d5d13fd953683001a401cd6,8.40,2020-09-12T23:08:05.000Z,8.71,51.74,102.00
5d5d13fd953683001a401cd6,7.90,2020-09-12T23:13:05.000Z,8.71,51.74,102.00
5d5d13fd953683001a401cd6,7.60,2020-09-12T23:18:05.000Z,8.71,51.74,102.00
5d5d13fd953683001a401cd6,8.10,2020-09-12T23:23:05.000Z,8.71,51.74,102.00
5d5d13fd953683001a401cd6,7.40,2020-09-12T23:28:05.000Z,8.71,51.74,102.00
5d5d13fd953683001a401cd6,7.70,2020-09-12T23:33:05.000Z,8.71,51.74,102.00
5d5d13fd953683001a401cd6,8.20,2020-09-12T23:38:05.000Z,8.71,51.74,102.00
5d5d13fd953683001a401cd6,8.40,2020-09-12T23:43:06.000Z,8.71,51.74,102.00
5d5d13fd953683001a401cd6,8.00,2020-09-12T23:48:06.000Z,8.71,51.74,102.00
5d5d13fd953683001a401cd6,7.70,2020-09-12T23:53:06.000Z,8.71,51.74,102.00
5d5d13fd953683001a401cd6,8.60,2020-09-12T23:58:06.000Z,8.71,51.74,102.00
5d5d13fd953683001a401cd6,8.00,2020-09-13T00:03:06.000Z,8.71,51.74,102.00
5d5d13fd953683001a401cd6,7.80,2020-09-13T00:08:06.000Z,8.71,51.74,102.00
5d5d13fd953683001a401cd6,8.10,2020-09-13T00:13:06.000Z,8.71,51.74,102.00
5d5d13fd953683001a401cd6,7.80,2020-09-13T00:18:07.000Z,8.71,51.74,102.00
5d5d13fd953683001a401cd6,8.40,2020-09-13T00:23:07.000Z,8.71,51.74,102.00
5d5d13fd953683001a401cd6,7.60,2020-09-13T00:28:07.000Z,8.71,51.74,102.00
5d5d13fd953683001a401cd6,7.90,2020-09-13T00:33:07.000Z,8.71,51.74,102.00
5d5d13fd953683001a401cd6,8.30,2020-09-13T00:38:07.000Z,8.71,51.74,102.00
5d5d13fd953683001a401cd6,8.40,2020-09-13T00:43:07.000Z,8.71,51.74,102.00
5d5d13fd953683001a401cd6,7.60,2020-09-13T00:48:07.000Z,8.71,51.74,102.00
5d5d13fd953683001a401cd6,9.80,2020-09-13T00:53:07.000Z,8.71,51.74,102.00
5d5d13fd953683001a401cd6,9.50,2020-09-13T00:58:07.000Z,8.71,51.74,102.00
5d5d13fd953683001a401cd6,11.00,2020-09-13T01:03:07.000Z,8.71,51.74,102.00
5d5d13fd953683001a401cd6,13.20,2020-09-13T01:08:07.000Z,8.71,51.74,102.00
5d5d13fd953683001a401cd6,12.30,2020-09-13T01:13:07.000Z,8.71,51.74,102.00
5d5d13fd953683001a401cd6,11.40,2020-09-13T01:18:08.000Z,8.71,51.74,102.00
5d5d13fd953683001a401cd6,12.40,2020-09-13T01:23:08.000Z,8.71,51.74,102.00
5d5d13fd953683001a401cd6,13.40,2020-09-13T01:28:08.000Z,8.71,51.74,102.00
5d5d13fd953683001a401cd6,12.60,2020-09-13T01:33:08.000Z,8.71,51.74,102.00
5d5d13fd953683001a401cd6,11.40,2020-09-13T01:38:08.000Z,8.71,51.74,102.00
5d5d13fd953683001a401cd6,10.30,2020-09-13T01:43:08.000Z,8.71,51.74,102.00
5d5d13fd953683001a401cd6,9.60,2020-09-13T01:48:08.000Z,8.71,51.74,102.00
5d5d13fd953683001a401cd6,10.00,2020-09-13T01:53:08.000Z,8.71,51.74,102.00
5d5d13fd953683001a401cd6,12.30,2020-09-13T01:58:08.000Z,8.71,51.74,102.00
5d5d13fd953683001a401cd6,10.10,2020-09-13T02:03:08.000Z,8.71,51.74,102.00
5d5d13fd953683001a401cd6,9.50,2020-09-13T02:08:08.000Z,8.71,51.74,102.00
5d5d13fd953683001a401cd6,9.50,2020-09-13T02:13:09.000Z,8.71,51.74,102.00
5d5d13fd953683001a401cd6,9.10,2020-09-13T02:18:09.000Z,8.71,51.74,102.00
5d5d13fd953683001a401cd6,8.80,2020-09-13T02:23:09.000Z,8.71,51.74,102.00
5d5d13fd953683001a401cd6,8.50,2020-09-13T02:28:09.000Z,8.71,51.74,102.00
5d5d13fd953683001a401cd6,8.40,2020-09-13T02:33:09.000Z,8.71,51.74,102.00
5d5d13fd953683001a401cd6,8.70,2020-09-13T02:38:09.000Z,8.71,51.74,102.00
5d5d13fd953683001a401cd6,8.20,2020-09-13T02:43:09.000Z,8.71,51.74,102.00
5d5d13fd953683001a401cd6,8.70,2020-09-13T02:48:09.000Z,8.71,51.74,102.00
5d5d13fd953683001a401cd6,8.60,2020-09-13T02:53:09.000Z,8.71,51.74,102.00
5d5d13fd953683001a401cd6,9.20,2020-09-13T02:58:09.000Z,8.71,51.74,102.00
5d5d13fd953683001a401cd6,8.80,2020-09-13T03:03:09.000Z,8.71,51.74,102.00
5d5d13fd953683001a401cd6,9.20,2020-09-13T03:08:09.000Z,8.71,51.74,102.00
5d5d13fd953683001a401cd6,8.30,2020-09-13T03:13:10.000Z,8.71,51.74,102.00
5d5d13fd953683001a401cd6,8.60,2020-09-13T03:18:10.000Z,8.71,51.74,102.00
5d5d13fd953683001a401cd6,8.10,2020-09-13T03:23:10.000Z,8.71,51.74,102.00
5d5d13fd953683001a401cd6,8.20,2020-09-13T03:28:10.000Z,8.71,51.74,102.00
5d5d13fd953683001a401cd6,8.30,2020-09-13T03:33:10.000Z,8.71,51.74,102.00
5d5d13fd953683001a401cd6,7.90,2020-09-13T03:38:10.000Z,8.71,51.74,102.00
5d5d13fd953683001a401cd6,8.10,2020-09-13T03:43:10.000Z,8.71,51.74,102.00
5d5d13fd953683001a401cd6,8.80,2020-09-13T03:48:10.000Z,8.71,51.74,102.00
5d5d13fd953683001a401cd6,7.40,2020-09-13T03:53:10.000Z,8.71,51.74,102.00
5d5d13fd953683001a401cd6,7.40,2020-09-13T03:58:10.000Z,8.71,51.74,102.00
5d5d13fd953683001a401cd6,8.10,2020-09-13T04:03:10.000Z,8.71,51.74,102.00
5d5d13fd953683001a401cd6,7.40,2020-09-13T04:08:10.000Z,8.71,51.74,102.00
5d5d13fd953683001a401cd6,7.50,2020-09-13T04:13:11.000Z,8.71,51.74,102.00
5d5d13fd953683001a401cd6,8.00,2020-09-13T04:18:11.000Z,8.71,51.74,102.00
5d5d13fd953683001a401cd6,6.90,2020-09-13T04:23:11.000Z,8.71,51.74,102.00
5d5d13fd953683001a401cd6,7.90,2020-09-13T04:28:11.000Z,8.71,51.74,102.00
5d5d13fd953683001a401cd6,7.40,2020-09-13T04:33:11.000Z,8.71,51.74,102.00
5d5d13fd953683001a401cd6,8.10,2020-09-13T04:38:11.000Z,8.71,51.74,102.00
5d5d13fd953683001a401cd6,8.00,2020-09-13T04:43:11.000Z,8.71,51.74,102.00
5d5d13fd953683001a401cd6,7.30,2020-09-13T04:48:11.000Z,8.71,51.74,102.00
5d5d13fd953683001a401cd6,7.60,2020-09-13T04:53:12.000Z,8.71,51.74,102.00
5d5d13fd953683001a401cd6,7.40,2020-09-13T04:58:12.000Z,8.71,51.74,102.00
5d5d13fd953683001a401cd6,7.10,2020-09-13T05:03:12.000Z,8.71,51.74,102.00
5d5d13fd953683001a401cd6,6.10,2020-09-13T05:08:12.000Z,8.71,51.74,102.00
5d5d13fd953683001a401cd6,7.20,2020-09-13T05:13:12.000Z,8.71,51.74,102.00
5d5d13fd953683001a401cd6,7.60,2020-09-13T05:18:12.000Z,8.71,51.74,102.00
5d5d13fd953683001a401cd6,7.10,2020-09-13T05:23:12.000Z,8.71,51.74,102.00
5d5d13fd953683001a401cd6,7.30,2020-09-13T05:28:12.000Z,8.71,51.74,102.00
5d5d13fd953683001a401cd6,7.80,2020-09-13T05:33:12.000Z,8.71,51.74,102.00
5d5d13fd953683001a401cd6,7.00,2020-09-13T05:38:12.000Z,8.71,51.74,102.00
5d5d13fd953683001a401cd6,7.20,2020-09-13T05:43:13.000Z,8.71,51.74,102.00
5d5d13fd953683001a401cd6,6.90,2020-09-13T05:48:13.000Z,8.71,51.74,102.00
5d5d13fd953683001a401cd6,6.60,2020-09-13T05:53:13.000Z,8.71,51.74,102.00
5d5d13fd953683001a401cd6,7.30,2020-09-13T05:58:13.000Z,8.71,51.74,102.00
5d5d13fd953683001a401cd6,6.90,2020-09-13T06:03:13.000Z,8.71,51.74,102.00
5d5d13fd953683001a401cd6,7.30,2020-09-13T06:08:13.000Z,8.71,51.74,102.00
5d5d13fd953683001a401cd6,7.10,2020-09-13T06:13:13.000Z,8.71,51.74,102.00
5d5d13fd953683001a401cd6,6.50,2020-09-13T06:18:13.000Z,8.71,51.74,102.00
5d5d13fd953683001a401cd6,6.80,2020-09-13T06:23:13.000Z,8.71,51.74,102.00
5d5d13fd953683001a401cd6,6.40,2020-09-13T06:28:13.000Z,8.71,51.74,102.00
5d5d13fd953683001a401cd6,6.20,2020-09-13T06:33:13.000Z,8.71,51.74,102.00
5d5d13fd953683001a401cd6,6.60,2020-09-13T06:38:13.000Z,8.71,51.74,102.00
5d5d13fd953683001a401cd6,6.80,2020-09-13T06:43:14.000Z,8.71,51.74,102.00
5d5d13fd953683001a401cd6,6.80,2020-09-13T06:48:14.000Z,8.71,51.74,102.00
5d5d13fd953683001a401cd6,6.60,2020-09-13T06:53:14.000Z,8.71,51.74,102.00
5d5d13fd953683001a401cd6,5.80,2020-09-13T06:58:14.000Z,8.71,51.74,102.00
5d5d13fd953683001a401cd6,6.10,2020-09-13T07:03:14.000Z,8.71,51.74,102.00
5d5d13fd953683001a401cd6,6.30,2020-09-13T07:08:14.000Z,8.71,51.74,102.00
5d5d13fd953683001a401cd6,6.20,2020-09-13T07:13:14.000Z,8.71,51.74,102.00
5d5d13fd953683001a401cd6,6.20,2020-09-13T07:18:14.000Z,8.71,51.74,102.00
5d5d13fd953683001a401cd6,6.70,2020-09-13T07:23:14.000Z,8.71,51.74,102.00
5d5d13fd953683001a401cd6,7.00,2020-09-13T07:28:14.000Z,8.71,51.74,102.00
5d5d13fd953683001a401cd6,6.60,2020-09-13T07:33:14.000Z,8.71,51.74,102.00
5d5d13fd953683001a401cd6,6.10,2020-09-13T07:38:15.000Z,8.71,51.74,102.00
5d5d13fd953683001a401cd6,5.80,2020-09-13T07:43:15.000Z,8.71,51.74,102.00
5d5d13fd953683001a401cd6,5.90,2020-09-13T07:48:15.000Z,8.71,51.74,102.00
5d5d13fd953683001a401cd6,6.00,2020-09-13T07:53:15.000Z,8.71,51.74,102.00
5d5d13fd953683001a401cd6,6.10,2020-09-13T07:58:15.000Z,8.71,51.74,102.00
5d5d13fd953683001a401cd6,5.70,2020-09-13T08:03:15.000Z,8.71,51.74,102.00
5d5d13fd953683001a401cd6,5.70,2020-09-13T08:08:15.000Z,8.71,51.74,102.00
5d5d13fd953683001a401cd6,6.30,2020-09-13T08:13:15.000Z,8.71,51.74,102.00
5d5d13fd953683001a401cd6,6.40,2020-09-13T08:18:15.000Z,8.71,51.74,102.00
5d5d13fd953683001a401cd6,6.30,2020-09-13T08:23:15.000Z,8.71,51.74,102.00
5d5d13fd953683001a401cd6,6.20,2020-09-13T08:28:15.000Z,8.71,51.74,102.00
5d5d13fd953683001a401cd6,5.50,2020-09-13T08:33:15.000Z,8.71,51.74,102.00
5d5d13fd953683001a401cd6,6.30,2020-09-13T08:38:16.000Z,8.71,51.74,102.00
5d5d13fd953683001a401cd6,5.40,2020-09-13T08:43:16.000Z,8.71,51.74,102.00
5d5d13fd953683001a401cd6,5.90,2020-09-13T08:48:16.000Z,8.71,51.74,102.00
5d5d13fd953683001a401cd6,6.10,2020-09-13T08:53:16.000Z,8.71,51.74,102.00
5d5d13fd953683001a401cd6,5.90,2020-09-13T08:58:16.000Z,8.71,51.74,102.00
5d5d13fd953683001a401cd6,6.20,2020-09-13T09:03:16.000Z,8.71,51.74,102.00
5d5d13fd953683001a401cd6,5.50,2020-09-13T09:08:16.000Z,8.71,51.74,102.00
5d5d13fd953683001a401cd6,6.10,2020-09-13T09:13:16.000Z,8.71,51.74,102.00
5d5d13fd953683001a401cd6,5.50,2020-09-13T09:18:16.000Z,8.71,51.74,102.00
5d5d13fd953683001a401cd6,5.50,2020-09-13T09:23:16.000Z,8.71,51.74,102.00
5d5d13fd953683001a401cd6,5.60,2020-09-13T09:28:16.000Z,8.71,51.74,102.00
5d5d13fd953683001a401cd6,6.00,2020-09-13T09:33:16.000Z,8.71,51.74,102.00
5d5d13fd953683001a401cd6,5.30,2020-09-13T09:38:17.000Z,8.71,51.74,102.00
5d5d13fd953683001a401cd6,6.10,2020-09-13T09:43:17.000Z,8.71,51.74,102.00
5d5d13fd953683001a401cd6,6.00,2020-09-13T09:48:17.000Z,8.71,51.74,102.00
5d5d13fd953683001a401cd6,6.90,2020-09-13T09:53:17.000Z,8.71,51.74,102.00
5d5d13fd953683001a401cd6,6.40,2020-09-13T09:58:17.000Z,8.71,51.74,102.00
5d5d13fd953683001a401cd6,6.70,2020-09-13T10:03:17.000Z,8.71,51.74,102.00
5d5d13fd953683001a401cd6,7.20,2020-09-13T10:08:18.000Z,8.71,51.74,102.00
5d5d13fd953683001a401cd6,6.80,2020-09-13T10:13:18.000Z,8.71,51.74,102.00
5d5d13fd953683001a401cd6,7.50,2020-09-13T10:18:18.000Z,8.71,51.74,102.00
5d5d13fd953683001a401cd6,7.00,2020-09-13T10:23:18.000Z,8.71,51.74,102.00
5d5d13fd953683001a401cd6,7.90,2020-09-13T10:28:18.000Z,8.71,51.74,102.00
5d5d13fd953683001a401cd6,7.80,2020-09-13T10:33:18.000Z,8.71,51.74,102.00
5d5d13fd953683001a401cd6,7.30,2020-09-13T10:38:18.000Z,8.71,51.74,102.00
5d5d13fd953683001a401cd6,7.80,2020-09-13T10:43:18.000Z,8.71,51.74,102.00
5d5d13fd953683001a401cd6,7.10,2020-09-13T10:48:18.000Z,8.71,51.74,102.00
5d5d13fd953683001a401cd6,7.90,2020-09-13T10:53:18.000Z,8.71,51.74,102.00
5d5d13fd953683001a401cd6,8.10,2020-09-13T10:58:18.000Z,8.71,51.74,102.00
5d5d13fd953683001a401cd6,7.40,2020-09-13T11:03:18.000Z,8.71,51.74,102.00
5d5d13fd953683001a401cd6,6.50,2020-09-13T11:08:19.000Z,8.71,51.74,102.00
5d5d13fd953683001a401cd6,6.00,2020-09-13T11:13:19.000Z,8.71,51.74,102.00
5d5d13fd953683001a401cd6,6.60,2020-09-13T11:18:19.000Z,8.71,51.74,102.00
5d5d13fd953683001a401cd6,5.60,2020-09-13T11:23:19.000Z,8.71,51.74,102.00
5d5d13fd953683001a401cd6,5.00,2020-09-13T11:28:19.000Z,8.71,51.74,102.00
5d5d13fd953683001a401cd6,6.60,2020-09-13T11:33:19.000Z,8.71,51.74,102.00
5d5d13fd953683001a401cd6,6.90,2020-09-13T11:38:19.000Z,8.71,51.74,102.00
5d5d13fd953683001a401cd6,6.10,2020-09-13T11:43:19.000Z,8.71,51.74,102.00
5d5d13fd953683001a401cd6,4.60,2020-09-13T11:48:19.000Z,8.71,51.74,102.00
5d5d13fd953683001a401cd6,3.80,2020-09-13T11:53:19.000Z,8.71,51.74,102.00
5d5d13fd953683001a401cd6,3.40,2020-09-13T11:58:19.000Z,8.71,51.74,102.00
5d5d13fd953683001a401cd6,3.50,2020-09-13T12:03:19.000Z,8.71,51.74,102.00
5d5d13fd953683001a401cd6,3.40,2020-09-13T12:08:20.000Z,8.71,51.74,102.00
5d5d13fd953683001a401cd6,4.20,2020-09-13T12:13:20.000Z,8.71,51.74,102.00
5d5d13fd953683001a401cd6,3.70,2020-09-13T12:18:20.000Z,8.71,51.74,102.00
5d5d13fd953683001a401cd6,3.80,2020-09-13T12:23:20.000Z,8.71,51.74,102.00
5d5d13fd953683001a401cd6,3.90,2020-09-13T12:28:20.000Z,8.71,51.74,102.00
5d5d13fd953683001a401cd6,3.60,2020-09-13T12:33:20.000Z,8.71,51.74,102.00
5d5d13fd953683001a401cd6,4.20,2020-09-13T12:38:20.000Z,8.71,51.74,102.00
5d5d13fd953683001a401cd6,4.20,2020-09-13T12:43:20.000Z,8.71,51.74,102.00
5d5d13fd953683001a401cd6,3.70,2020-09-13T12:48:20.000Z,8.71,51.74,102.00
5d5d13fd953683001a401cd6,3.10,2020-09-13T12:53:20.000Z,8.71,51.74,102.00
5d5d13fd953683001a401cd6,2.30,2020-09-13T12:58:20.000Z,8.71,51.74,102.00
5d5d13fd953683001a401cd6,3.50,2020-09-13T13:03:21.000Z,8.71,51.74,102.00
5d5d13fd953683001a401cd6,3.20,2020-09-13T13:08:21.000Z,8.71,51.74,102.00
5d5d13fd953683001a401cd6,4.10,2020-09-13T13:13:21.000Z,8.71,51.74,102.00
5d5d13fd953683001a401cd6,3.40,2020-09-13T13:18:21.000Z,8.71,51.74,102.00
5d5d13fd953683001a401cd6,3.70,2020-09-13T13:23:21.000Z,8.71,51.74,102.00
5d5d13fd953683001a401cd6,4.00,2020-09-13T13:28:21.000Z,8.71,51.74,102.00
5d5d13fd953683001a401cd6,3.30,2020-09-13T13:33:21.000Z,8.71,51.74,102.00
5d5d13fd953683001a401cd6,4.50,2020-09-13T13:38:21.000Z,8.71,51.74,102.00
5d5d13fd953683001a401cd6,4.60,2020-09-13T13:43:21.000Z,8.71,51.74,102.00
5d5d13fd953683001a401cd6,4.10,2020-09-13T13:48:21.000Z,8.71,51.74,102.00
5d5d13fd953683001a401cd6,3.30,2020-09-13T13:53:21.000Z,8.71,51.74,102.00
5d5d13fd953683001a401cd6,2.80,2020-09-13T13:58:22.000Z,8.71,51.74,102.00
5d5d13fd953683001a401cd6,3.60,2020-09-13T14:03:22.000Z,8.71,51.74,102.00
5d5d13fd953683001a401cd6,3.80,2020-09-13T14:08:22.000Z,8.71,51.74,102.00
5d5d13fd953683001a401cd6,3.60,2020-09-13T14:13:22.000Z,8.71,51.74,102.00
5d5d13fd953683001a401cd6,3.40,2020-09-13T14:18:22.000Z,8.71,51.74,102.00
5d5d13fd953683001a401cd6,3.60,2020-09-13T14:23:22.000Z,8.71,51.74,102.00
5d5d13fd953683001a401cd6,3.60,2020-09-13T14:28:22.000Z,8.71,51.74,102.00
5d5d13fd953683001a401cd6,3.90,2020-09-13T14:33:22.000Z,8.71,51.74,102.00
5d5d13fd953683001a401cd6,4.00,2020-09-13T14:38:22.000Z,8.71,51.74,102.00
5d5d13fd953683001a401cd6,3.60,2020-09-13T14:43:23.000Z,8.71,51.74,102.00
5d5d13fd953683001a401cd6,4.00,2020-09-13T14:48:23.000Z,8.71,51.74,102.00
5d5d13fd953683001a401cd6,2.60,2020-09-13T14:53:23.000Z,8.71,51.74,102.00
5d5d13fd953683001a401cd6,3.60,2020-09-13T14:58:23.000Z,8.71,51.74,102.00
5d5d13fd953683001a401cd6,3.60,2020-09-13T15:03:23.000Z,8.71,51.74,102.00
5d5d13fd953683001a401cd6,3.20,2020-09-13T15:08:23.000Z,8.71,51.74,102.00
5d5d13fd953683001a401cd6,3.60,2020-09-13T15:13:23.000Z,8.71,51.74,102.00
5d5d13fd953683001a401cd6,3.20,2020-09-13T15:18:23.000Z,8.71,51.74,102.00
5d5d13fd953683001a401cd6,2.90,2020-09-13T15:23:23.000Z,8.71,51.74,102.00
5d5d13fd953683001a401cd6,3.00,2020-09-13T15:28:23.000Z,8.71,51.74,102.00
5d5d13fd953683001a401cd6,3.00,2020-09-13T15:33:24.000Z,8.71,51.74,102.00
5d5d13fd953683001a401cd6,3.10,2020-09-13T15:38:24.000Z,8.71,51.74,102.00
5d5d13fd953683001a401cd6,3.10,2020-09-13T15:43:24.000Z,8.71,51.74,102.00
5d5d13fd953683001a401cd6,3.10,2020-09-13T15:48:24.000Z,8.71,51.74,102.00
5d5d13fd953683001a401cd6,2.70,2020-09-13T15:53:24.000Z,8.71,51.74,102.00
5d5d13fd953683001a401cd6,3.60,2020-09-13T15:58:24.000Z,8.71,51.74,102.00
5d5d13fd953683001a401cd6,3.20,2020-09-13T16:03:24.000Z,8.71,51.74,102.00
5d5d13fd953683001a401cd6,3.90,2020-09-13T16:08:24.000Z,8.71,51.74,102.00
5d5d13fd953683001a401cd6,3.40,2020-09-13T16:13:24.000Z,8.71,51.74,102.00
5d5d13fd953683001a401cd6,3.90,2020-09-13T16:18:24.000Z,8.71,51.74,102.00
5d5d13fd953683001a401cd6,3.40,2020-09-13T16:23:24.000Z,8.71,51.74,102.00
5d5d13fd953683001a401cd6,3.40,2020-09-13T16:28:25.000Z,8.71,51.74,102.00
5d5d13fd953683001a401cd6,2.90,2020-09-13T16:33:25.000Z,8.71,51.74,102.00
5d5d13fd953683001a401cd6,4.70,2020-09-13T16:38:25.000Z,8.71,51.74,102.00
5d5d13fd953683001a401cd6,4.00,2020-09-13T16:43:25.000Z,8.71,51.74,102.00
5d5d13fd953683001a401cd6,4.50,2020-09-13T16:48:25.000Z,8.71,51.74,102.00
5d5d13fd953683001a401cd6,4.70,2020-09-13T16:53:25.000Z,8.71,51.74,102.00
5d5d13fd953683001a401cd6,3.70,2020-09-13T16:58:25.000Z,8.71,51.74,102.00
