value,createdAt
18.47,2019-09-05T17:29:40.000Z
18.47,2019-09-05T17:29:10.000Z
18.47,2019-09-05T17:28:40.000Z
18.47,2019-09-05T17:28:10.000Z
18.47,2019-09-05T17:27:40.000Z
18.47,2019-09-05T17:27:10.000Z
18.47,2019-09-05T17:26:39.000Z
18.49,2019-09-05T17:26:09.000Z
18.47,2019-09-05T17:25:39.000Z
18.47,2019-09-05T17:25:09.000Z
18.49,2019-09-05T17:24:39.000Z
18.47,2019-09-05T17:24:09.000Z
18.49,2019-09-05T17:23:38.000Z
18.49,2019-09-05T17:23:08.000Z
18.49,2019-09-05T17:22:38.000Z
18.49,2019-09-05T17:22:08.000Z
18.50,2019-09-05T17:21:38.000Z
18.49,2019-09-05T17:21:08.000Z
18.50,2019-09-05T17:20:38.000Z
18.50,2019-09-05T17:20:08.000Z
18.50,2019-09-05T17:19:38.000Z
18.50,2019-09-05T17:19:08.000Z
18.52,2019-09-05T17:18:38.000Z
18.52,2019-09-05T17:18:07.000Z
18.52,2019-09-05T17:17:37.000Z
18.52,2019-09-05T17:17:07.000Z
18.52,2019-09-05T17:16:37.000Z
18.52,2019-09-05T17:16:07.000Z
18.52,2019-09-05T17:15:37.000Z
18.52,2019-09-05T17:15:07.000Z
18.53,2019-09-05T17:14:37.000Z
18.52,2019-09-05T17:14:07.000Z
18.53,2019-09-05T17:13:36.000Z
18.53,2019-09-05T17:13:06.000Z
18.53,2019-09-05T17:12:36.000Z
18.53,2019-09-05T17:12:06.000Z
18.55,2019-09-05T17:11:36.000Z
18.56,2019-09-05T17:11:06.000Z
18.56,2019-09-05T17:10:36.000Z
18.55,2019-09-05T17:10:06.000Z
18.56,2019-09-05T17:09:36.000Z
18.59,2019-09-05T17:09:05.000Z
18.59,2019-09-05T17:08:35.000Z
18.60,2019-09-05T17:08:05.000Z
18.60,2019-09-05T17:07:35.000Z
18.60,2019-09-05T17:07:05.000Z
18.62,2019-09-05T17:06:35.000Z
18.63,2019-09-05T17:06:05.000Z
18.65,2019-09-05T17:05:35.000Z
18.65,2019-09-05T17:05:05.000Z
18.65,2019-09-05T17:04:35.000Z
18.63,2019-09-05T17:04:04.000Z
18.62,2019-09-05T17:03:34.000Z
18.65,2019-09-05T17:03:04.000Z
18.65,2019-09-05T17:02:34.000Z
18.65,2019-09-05T17:02:04.000Z
18.65,2019-09-05T17:01:34.000Z
18.65,2019-09-05T17:01:04.000Z
18.63,2019-09-05T17:00:34.000Z
18.63,2019-09-05T17:00:04.000Z
18.66,2019-09-05T16:59:33.000Z
18.65,2019-09-05T16:59:03.000Z
18.63,2019-09-05T16:58:33.000Z
18.65,2019-09-05T16:58:03.000Z
18.63,2019-09-05T16:57:33.000Z
18.63,2019-09-05T16:57:03.000Z
18.65,2019-09-05T16:56:33.000Z
18.65,2019-09-05T16:56:03.000Z
18.65,2019-09-05T16:55:33.000Z
18.65,2019-09-05T16:55:02.000Z
18.65,2019-09-05T16:54:32.000Z
18.65,2019-09-05T16:54:02.000Z
18.65,2019-09-05T16:53:32.000Z
18.65,2019-09-05T16:53:02.000Z
18.65,2019-09-05T16:52:32.000Z
18.66,2019-09-05T16:52:02.000Z
18.65,2019-09-05T16:51:32.000Z
18.65,2019-09-05T16:51:02.000Z
18.65,2019-09-05T16:50:31.000Z
18.65,2019-09-05T16:50:01.000Z
18.65,2019-09-05T16:49:31.000Z
18.66,2019-09-05T16:49:01.000Z
18.65,2019-09-05T16:48:31.000Z
18.65,2019-09-05T16:48:01.000Z
18.65,2019-09-05T16:47:31.000Z
18.65,2019-09-05T16:47:01.000Z
18.65,2019-09-05T16:46:31.000Z
18.65,2019-09-05T16:46:01.000Z
18.65,2019-09-05T16:45:30.000Z
18.65,2019-09-05T16:45:00.000Z
18.65,2019-09-05T16:44:30.000Z
18.65,2019-09-05T16:44:00.000Z
18.65,2019-09-05T16:43:30.000Z
18.65,2019-09-05T16:42:59.000Z
18.65,2019-09-05T16:42:29.000Z
18.63,2019-09-05T16:41:59.000Z
18.65,2019-09-05T16:41:29.000Z
18.65,2019-09-05T16:40:59.000Z
18.65,2019-09-05T16:40:29.000Z
18.65,2019-09-05T16:39:59.000Z
18.65,2019-09-05T16:39:29.000Z
18.65,2019-09-05T16:38:59.000Z
18.65,2019-09-05T16:38:28.000Z
18.66,2019-09-05T16:37:58.000Z
18.66,2019-09-05T16:37:28.000Z
18.65,2019-09-05T16:36:58.000Z
18.65,2019-09-05T16:36:28.000Z
18.65,2019-09-05T16:35:58.000Z
18.65,2019-09-05T16:35:28.000Z
18.65,2019-09-05T16:34:58.000Z
18.65,2019-09-05T16:34:28.000Z
18.65,2019-09-05T16:33:57.000Z
18.65,2019-09-05T16:33:27.000Z
18.65,2019-09-05T16:32:57.000Z
18.66,2019-09-05T16:32:27.000Z
18.66,2019-09-05T16:31:57.000Z
18.65,2019-09-05T16:31:27.000Z
18.66,2019-09-05T16:30:57.000Z
18.66,2019-09-05T16:30:27.000Z
18.66,2019-09-05T16:29:57.000Z
18.65,2019-09-05T16:29:27.000Z
18.65,2019-09-05T16:28:56.000Z
18.66,2019-09-05T16:28:26.000Z
18.65,2019-09-05T16:27:56.000Z
18.65,2019-09-05T16:27:26.000Z
18.65,2019-09-05T16:26:56.000Z
18.65,2019-09-05T16:26:26.000Z
18.65,2019-09-05T16:25:56.000Z
18.66,2019-09-05T16:25:26.000Z
18.65,2019-09-05T16:24:56.000Z
18.66,2019-09-05T16:24:25.000Z
18.65,2019-09-05T16:23:55.000Z
18.66,2019-09-05T16:23:25.000Z
18.65,2019-09-05T16:22:55.000Z
18.65,2019-09-05T16:22:25.000Z
18.65,2019-09-05T16:21:55.000Z
18.65,2019-09-05T16:21:25.000Z
18.66,2019-09-05T16:20:55.000Z
18.65,2019-09-05T16:20:25.000Z
18.66,2019-09-05T16:19:54.000Z
18.66,2019-09-05T16:19:24.000Z
18.65,2019-09-05T16:18:54.000Z
18.65,2019-09-05T16:18:24.000Z
18.65,2019-09-05T16:17:54.000Z
18.66,2019-09-05T16:17:24.000Z
18.66,2019-09-05T16:16:54.000Z
18.66,2019-09-05T16:16:24.000Z
18.66,2019-09-05T16:15:54.000Z
18.66,2019-09-05T16:15:23.000Z
18.68,2019-09-05T16:14:53.000Z
18.68,2019-09-05T16:14:23.000Z
18.68,2019-09-05T16:13:53.000Z
18.66,2019-09-05T16:13:23.000Z
18.68,2019-09-05T16:12:53.000Z
18.68,2019-09-05T16:12:22.000Z
18.70,2019-09-05T16:11:52.000Z
18.71,2019-09-05T16:11:22.000Z
18.70,2019-09-05T16:10:52.000Z
18.70,2019-09-05T16:10:22.000Z
18.70,2019-09-05T16:09:52.000Z
18.71,2019-09-05T16:09:22.000Z
18.70,2019-09-05T16:08:52.000Z
18.70,2019-09-05T16:08:22.000Z
18.68,2019-09-05T16:07:51.000Z
18.70,2019-09-05T16:07:21.000Z
18.70,2019-09-05T16:06:51.000Z
18.68,2019-09-05T16:06:21.000Z
18.68,2019-09-05T16:05:51.000Z
18.70,2019-09-05T16:05:21.000Z
18.70,2019-09-05T16:04:51.000Z
18.70,2019-09-05T16:04:21.000Z
18.70,2019-09-05T16:03:51.000Z
18.70,2019-09-05T16:03:20.000Z
18.68,2019-09-05T16:02:50.000Z
18.68,2019-09-05T16:02:20.000Z
18.68,2019-09-05T16:01:50.000Z
18.66,2019-09-05T16:01:20.000Z
18.66,2019-09-05T16:00:50.000Z
18.65,2019-09-05T16:00:20.000Z
18.65,2019-09-05T15:59:50.000Z
18.65,2019-09-05T15:59:20.000Z
18.63,2019-09-05T15:58:49.000Z
18.63,2019-09-05T15:58:19.000Z
18.62,2019-09-05T15:57:49.000Z
18.63,2019-09-05T15:57:19.000Z
18.62,2019-09-05T15:56:49.000Z
18.62,2019-09-05T15:56:19.000Z
18.62,2019-09-05T15:55:49.000Z
18.62,2019-09-05T15:55:19.000Z
18.63,2019-09-05T15:54:49.000Z
18.62,2019-09-05T15:54:18.000Z
18.63,2019-09-05T15:53:48.000Z
18.62,2019-09-05T15:53:18.000Z
18.65,2019-09-05T15:52:48.000Z
18.63,2019-09-05T15:52:18.000Z
18.62,2019-09-05T15:51:48.000Z
18.62,2019-09-05T15:51:18.000Z
18.63,2019-09-05T15:50:48.000Z
18.62,2019-09-05T15:50:18.000Z
18.62,2019-09-05T15:49:48.000Z
18.62,2019-09-05T15:49:17.000Z
18.62,2019-09-05T15:48:47.000Z
18.62,2019-09-05T15:48:17.000Z
18.62,2019-09-05T15:47:47.000Z
18.62,2019-09-05T15:47:17.000Z
18.62,2019-09-05T15:46:47.000Z
18.60,2019-09-05T15:46:17.000Z
18.60,2019-09-05T15:45:47.000Z
18.62,2019-09-05T15:45:16.000Z
18.60,2019-09-05T15:44:46.000Z
18.62,2019-09-05T15:44:16.000Z
18.62,2019-09-05T15:43:46.000Z
18.62,2019-09-05T15:43:16.000Z
18.62,2019-09-05T15:42:46.000Z
18.62,2019-09-05T15:42:15.000Z
18.62,2019-09-05T15:41:45.000Z
18.62,2019-09-05T15:41:15.000Z
18.62,2019-09-05T15:40:45.000Z
18.63,2019-09-05T15:40:15.000Z
18.62,2019-09-05T15:39:45.000Z
18.62,2019-09-05T15:39:15.000Z
18.62,2019-09-05T15:38:45.000Z
18.62,2019-09-05T15:38:15.000Z
18.60,2019-09-05T15:37:45.000Z
18.63,2019-09-05T15:37:14.000Z
18.62,2019-09-05T15:36:44.000Z
18.62,2019-09-05T15:36:14.000Z
18.62,2019-09-05T15:35:44.000Z
18.62,2019-09-05T15:35:14.000Z
18.62,2019-09-05T15:34:44.000Z
18.63,2019-09-05T15:34:14.000Z
18.62,2019-09-05T15:33:44.000Z
18.62,2019-09-05T15:33:14.000Z
18.62,2019-09-05T15:32:43.000Z
18.62,2019-09-05T15:32:13.000Z
18.63,2019-09-05T15:31:43.000Z
18.63,2019-09-05T15:31:13.000Z
18.62,2019-09-05T15:30:43.000Z
18.62,2019-09-05T15:30:13.000Z
18.63,2019-09-05T15:29:43.000Z
18.62,2019-09-05T15:29:13.000Z
18.62,2019-09-05T15:28:43.000Z
18.62,2019-09-05T15:28:12.000Z
18.60,2019-09-05T15:27:42.000Z
18.62,2019-09-05T15:27:12.000Z
18.62,2019-09-05T15:26:42.000Z
18.62,2019-09-05T15:26:12.000Z
18.60,2019-09-05T15:25:42.000Z
18.60,2019-09-05T15:25:12.000Z
18.60,2019-09-05T15:24:42.000Z
18.62,2019-09-05T15:24:12.000Z
18.62,2019-09-05T15:23:41.000Z
18.60,2019-09-05T15:23:11.000Z
18.60,2019-09-05T15:22:41.000Z
18.60,2019-09-05T15:22:11.000Z
18.60,2019-09-05T15:21:41.000Z
18.62,2019-09-05T15:21:11.000Z
18.60,2019-09-05T15:20:41.000Z
18.60,2019-09-05T15:20:11.000Z
18.60,2019-09-05T15:19:41.000Z
18.60,2019-09-05T15:19:11.000Z
18.59,2019-09-05T15:18:40.000Z
18.62,2019-09-05T15:18:10.000Z
18.60,2019-09-05T15:17:40.000Z
18.60,2019-09-05T15:17:10.000Z
18.62,2019-09-05T15:16:40.000Z
18.62,2019-09-05T15:16:10.000Z
18.62,2019-09-05T15:15:40.000Z
18.62,2019-09-05T15:15:09.000Z
18.60,2019-09-05T15:14:39.000Z
18.60,2019-09-05T15:14:09.000Z
18.60,2019-09-05T15:13:39.000Z
18.60,2019-09-05T15:13:09.000Z
18.62,2019-09-05T15:12:39.000Z
18.60,2019-09-05T15:12:09.000Z
18.62,2019-09-05T15:11:39.000Z
18.60,2019-09-05T15:11:08.000Z
18.62,2019-09-05T15:10:38.000Z
18.60,2019-09-05T15:10:08.000Z
18.62,2019-09-05T15:09:38.000Z
18.62,2019-09-05T15:09:08.000Z
18.60,2019-09-05T15:08:38.000Z
18.60,2019-09-05T15:08:08.000Z
18.60,2019-09-05T15:07:38.000Z
18.60,2019-09-05T15:07:08.000Z
18.62,2019-09-05T15:06:38.000Z
18.60,2019-09-05T15:06:08.000Z
18.62,2019-09-05T15:05:37.000Z
18.60,2019-09-05T15:05:07.000Z
18.60,2019-09-05T15:04:37.000Z
18.62,2019-09-05T15:04:07.000Z
18.60,2019-09-05T15:03:37.000Z
18.60,2019-09-05T15:03:07.000Z
18.62,2019-09-05T15:02:37.000Z
18.62,2019-09-05T15:02:07.000Z
18.60,2019-09-05T15:01:37.000Z
18.60,2019-09-05T15:01:06.000Z
18.60,2019-09-05T15:00:36.000Z
18.62,2019-09-05T15:00:06.000Z
18.60,2019-09-05T14:59:36.000Z
18.62,2019-09-05T14:59:06.000Z
18.62,2019-09-05T14:58:36.000Z
18.62,2019-09-05T14:58:06.000Z
18.60,2019-09-05T14:57:36.000Z
18.60,2019-09-05T14:57:06.000Z
18.62,2019-09-05T14:56:35.000Z
18.62,2019-09-05T14:56:05.000Z
18.62,2019-09-05T14:55:35.000Z
18.62,2019-09-05T14:55:05.000Z
18.60,2019-09-05T14:54:35.000Z
18.62,2019-09-05T14:54:05.000Z
18.62,2019-09-05T14:53:35.000Z
18.62,2019-09-05T14:53:05.000Z
18.62,2019-09-05T14:52:35.000Z
18.63,2019-09-05T14:52:04.000Z
18.63,2019-09-05T14:51:34.000Z
18.60,2019-09-05T14:51:04.000Z
18.62,2019-09-05T14:50:34.000Z
18.62,2019-09-05T14:50:04.000Z
18.62,2019-09-05T14:49:34.000Z
18.62,2019-09-05T14:49:04.000Z
18.63,2019-09-05T14:48:34.000Z
18.62,2019-09-05T14:48:04.000Z
18.62,2019-09-05T14:47:33.000Z
18.63,2019-09-05T14:47:03.000Z
18.62,2019-09-05T14:46:33.000Z
18.60,2019-09-05T14:46:03.000Z
18.62,2019-09-05T14:45:33.000Z
18.62,2019-09-05T14:45:03.000Z
18.62,2019-09-05T14:44:33.000Z
18.62,2019-09-05T14:44:03.000Z
18.62,2019-09-05T14:43:33.000Z
18.63,2019-09-05T14:43:02.000Z
18.62,2019-09-05T14:42:32.000Z
18.62,2019-09-05T14:42:02.000Z
18.63,2019-09-05T14:41:32.000Z
18.62,2019-09-05T14:41:02.000Z
18.62,2019-09-05T14:40:32.000Z
18.63,2019-09-05T14:40:02.000Z
18.62,2019-09-05T14:39:32.000Z
18.63,2019-09-05T14:39:02.000Z
18.63,2019-09-05T14:38:32.000Z
18.63,2019-09-05T14:38:01.000Z
18.62,2019-09-05T14:37:31.000Z
18.62,2019-09-05T14:37:01.000Z
18.62,2019-09-05T14:36:31.000Z
18.63,2019-09-05T14:36:01.000Z
18.63,2019-09-05T14:35:31.000Z
18.62,2019-09-05T14:35:00.000Z
18.63,2019-09-05T14:34:30.000Z
18.62,2019-09-05T14:34:00.000Z
18.62,2019-09-05T14:33:30.000Z
18.65,2019-09-05T14:33:00.000Z
18.63,2019-09-05T14:32:30.000Z
18.65,2019-09-05T14:32:00.000Z
18.62,2019-09-05T14:31:30.000Z
18.63,2019-09-05T14:30:59.000Z
18.63,2019-09-05T14:30:29.000Z
18.63,2019-09-05T14:29:59.000Z
18.65,2019-09-05T14:29:29.000Z
18.63,2019-09-05T14:28:59.000Z
18.63,2019-09-05T14:28:29.000Z
18.63,2019-09-05T14:27:59.000Z
18.62,2019-09-05T14:27:29.000Z
18.65,2019-09-05T14:26:59.000Z
18.65,2019-09-05T14:26:28.000Z
18.63,2019-09-05T14:25:58.000Z
18.65,2019-09-05T14:25:28.000Z
18.63,2019-09-05T14:24:58.000Z
18.63,2019-09-05T14:24:28.000Z
18.65,2019-09-05T14:23:58.000Z
18.63,2019-09-05T14:23:28.000Z
18.65,2019-09-05T14:22:58.000Z
18.65,2019-09-05T14:22:28.000Z
18.66,2019-09-05T14:21:58.000Z
18.66,2019-09-05T14:21:27.000Z
18.66,2019-09-05T14:20:57.000Z
18.65,2019-09-05T14:20:27.000Z
18.65,2019-09-05T14:19:57.000Z
18.65,2019-09-05T14:19:27.000Z
18.63,2019-09-05T14:18:57.000Z
18.66,2019-09-05T14:18:27.000Z
18.63,2019-09-05T14:17:57.000Z
18.65,2019-09-05T14:17:27.000Z
18.65,2019-09-05T14:16:56.000Z
18.65,2019-09-05T14:16:26.000Z
18.63,2019-09-05T14:15:56.000Z
18.65,2019-09-05T14:15:26.000Z
18.63,2019-09-05T14:14:56.000Z
18.65,2019-09-05T14:14:26.000Z
18.63,2019-09-05T14:13:56.000Z
18.63,2019-09-05T14:13:26.000Z
18.63,2019-09-05T14:12:56.000Z
18.63,2019-09-05T14:12:25.000Z
18.63,2019-09-05T14:11:55.000Z
18.63,2019-09-05T14:11:25.000Z
18.63,2019-09-05T14:10:55.000Z
18.65,2019-09-05T14:10:25.000Z
18.63,2019-09-05T14:09:55.000Z
18.65,2019-09-05T14:09:25.000Z
18.65,2019-09-05T14:08:55.000Z
18.63,2019-09-05T14:08:25.000Z
18.63,2019-09-05T14:07:54.000Z
18.65,2019-09-05T14:07:24.000Z
18.63,2019-09-05T14:06:54.000Z
18.65,2019-09-05T14:06:24.000Z
18.65,2019-09-05T14:05:54.000Z
18.65,2019-09-05T14:05:24.000Z
18.63,2019-09-05T14:04:53.000Z
18.63,2019-09-05T14:04:23.000Z
18.66,2019-09-05T14:03:53.000Z
18.66,2019-09-05T14:03:23.000Z
18.65,2019-09-05T14:02:53.000Z
18.66,2019-09-05T14:02:23.000Z
18.65,2019-09-05T14:01:53.000Z
18.68,2019-09-05T14:01:23.000Z
18.66,2019-09-05T14:00:53.000Z
18.66,2019-09-05T14:00:22.000Z
18.66,2019-09-05T13:59:52.000Z
18.68,2019-09-05T13:59:22.000Z
18.70,2019-09-05T13:58:52.000Z
18.70,2019-09-05T13:58:22.000Z
18.70,2019-09-05T13:57:52.000Z
18.71,2019-09-05T13:57:22.000Z
18.70,2019-09-05T13:56:52.000Z
18.70,2019-09-05T13:56:22.000Z
18.70,2019-09-05T13:55:51.000Z
18.71,2019-09-05T13:55:21.000Z
18.70,2019-09-05T13:54:51.000Z
18.70,2019-09-05T13:54:21.000Z
18.70,2019-09-05T13:53:51.000Z
18.70,2019-09-05T13:53:21.000Z
18.68,2019-09-05T13:52:51.000Z
18.68,2019-09-05T13:52:21.000Z
18.66,2019-09-05T13:51:51.000Z
18.65,2019-09-05T13:51:20.000Z
18.66,2019-09-05T13:50:50.000Z
18.65,2019-09-05T13:50:20.000Z
18.66,2019-09-05T13:49:50.000Z
18.66,2019-09-05T13:49:20.000Z
18.65,2019-09-05T13:48:50.000Z
18.65,2019-09-05T13:48:20.000Z
18.62,2019-09-05T13:47:50.000Z
18.65,2019-09-05T13:47:20.000Z
18.65,2019-09-05T13:46:50.000Z
18.63,2019-09-05T13:46:19.000Z
18.63,2019-09-05T13:45:49.000Z
18.63,2019-09-05T13:45:19.000Z
18.65,2019-09-05T13:44:49.000Z
18.65,2019-09-05T13:44:19.000Z
18.63,2019-09-05T13:43:49.000Z
18.65,2019-09-05T13:43:19.000Z
18.65,2019-09-05T13:42:49.000Z
18.65,2019-09-05T13:42:19.000Z
18.63,2019-09-05T13:41:48.000Z
18.65,2019-09-05T13:41:18.000Z
18.65,2019-09-05T13:40:48.000Z
18.65,2019-09-05T13:40:18.000Z
18.65,2019-09-05T13:39:48.000Z
18.65,2019-09-05T13:39:18.000Z
18.66,2019-09-05T13:38:48.000Z
18.65,2019-09-05T13:38:18.000Z
18.66,2019-09-05T13:37:48.000Z
18.65,2019-09-05T13:37:17.000Z
18.65,2019-09-05T13:36:47.000Z
18.63,2019-09-05T13:36:17.000Z
18.63,2019-09-05T13:35:47.000Z
18.65,2019-09-05T13:35:17.000Z
18.65,2019-09-05T13:34:47.000Z
18.63,2019-09-05T13:34:16.000Z
18.63,2019-09-05T13:33:46.000Z
18.63,2019-09-05T13:33:16.000Z
18.62,2019-09-05T13:32:46.000Z
18.65,2019-09-05T13:32:16.000Z
18.63,2019-09-05T13:31:46.000Z
18.63,2019-09-05T13:31:16.000Z
18.62,2019-09-05T13:30:46.000Z
18.60,2019-09-05T13:30:16.000Z
18.62,2019-09-05T13:29:46.000Z
18.62,2019-09-05T13:29:15.000Z
18.62,2019-09-05T13:28:45.000Z
18.63,2019-09-05T13:28:15.000Z
18.62,2019-09-05T13:27:45.000Z
18.63,2019-09-05T13:27:15.000Z
18.62,2019-09-05T13:26:45.000Z
18.62,2019-09-05T13:26:15.000Z
18.62,2019-09-05T13:25:45.000Z
18.63,2019-09-05T13:25:15.000Z
18.63,2019-09-05T13:24:45.000Z
18.63,2019-09-05T13:24:14.000Z
18.63,2019-09-05T13:23:44.000Z
18.62,2019-09-05T13:23:14.000Z
18.63,2019-09-05T13:22:44.000Z
18.62,2019-09-05T13:22:14.000Z
18.62,2019-09-05T13:21:44.000Z
18.62,2019-09-05T13:21:14.000Z
18.60,2019-09-05T13:20:44.000Z
18.63,2019-09-05T13:20:14.000Z
18.63,2019-09-05T13:19:43.000Z
18.62,2019-09-05T13:19:13.000Z
18.62,2019-09-05T13:18:43.000Z
18.62,2019-09-05T13:18:13.000Z
18.62,2019-09-05T13:17:43.000Z
18.62,2019-09-05T13:17:13.000Z
18.62,2019-09-05T13:16:43.000Z
18.62,2019-09-05T13:16:13.000Z
18.62,2019-09-05T13:15:43.000Z
18.62,2019-09-05T13:15:13.000Z
18.60,2019-09-05T13:14:42.000Z
18.62,2019-09-05T13:14:12.000Z
18.60,2019-09-05T13:13:42.000Z
18.60,2019-09-05T13:13:12.000Z
18.59,2019-09-05T13:12:42.000Z
18.59,2019-09-05T13:12:12.000Z
18.60,2019-09-05T13:11:42.000Z
18.58,2019-09-05T13:11:12.000Z
18.58,2019-09-05T13:10:42.000Z
18.56,2019-09-05T13:10:11.000Z
18.56,2019-09-05T13:09:41.000Z
18.59,2019-09-05T13:09:11.000Z
18.58,2019-09-05T13:08:41.000Z
18.58,2019-09-05T13:08:11.000Z
18.58,2019-09-05T13:07:41.000Z
18.58,2019-09-05T13:07:11.000Z
18.58,2019-09-05T13:06:41.000Z
18.58,2019-09-05T13:06:11.000Z
18.58,2019-09-05T13:05:40.000Z
18.56,2019-09-05T13:05:10.000Z
18.56,2019-09-05T13:04:40.000Z
18.59,2019-09-05T13:04:10.000Z
18.58,2019-09-05T13:03:40.000Z
18.60,2019-09-05T13:03:10.000Z
18.58,2019-09-05T13:02:40.000Z
18.58,2019-09-05T13:02:10.000Z
18.58,2019-09-05T13:01:40.000Z
18.59,2019-09-05T13:01:09.000Z
18.58,2019-09-05T13:00:39.000Z
18.58,2019-09-05T13:00:09.000Z
18.60,2019-09-05T12:59:39.000Z
18.58,2019-09-05T12:59:09.000Z
18.59,2019-09-05T12:58:39.000Z
18.59,2019-09-05T12:58:09.000Z
18.58,2019-09-05T12:57:39.000Z
18.58,2019-09-05T12:57:09.000Z
18.58,2019-09-05T12:56:39.000Z
18.56,2019-09-05T12:56:08.000Z
18.56,2019-09-05T12:55:38.000Z
18.58,2019-09-05T12:55:08.000Z
18.56,2019-09-05T12:54:38.000Z
18.56,2019-09-05T12:54:08.000Z
18.56,2019-09-05T12:53:37.000Z
18.55,2019-09-05T12:53:07.000Z
18.56,2019-09-05T12:52:37.000Z
18.55,2019-09-05T12:52:07.000Z
18.55,2019-09-05T12:51:37.000Z
18.55,2019-09-05T12:51:07.000Z
18.55,2019-09-05T12:50:37.000Z
18.55,2019-09-05T12:50:07.000Z
18.55,2019-09-05T12:49:37.000Z
18.53,2019-09-05T12:49:06.000Z
18.52,2019-09-05T12:48:36.000Z
18.52,2019-09-05T12:48:06.000Z
18.53,2019-09-05T12:47:36.000Z
18.53,2019-09-05T12:47:06.000Z
18.53,2019-09-05T12:46:36.000Z
18.52,2019-09-05T12:46:06.000Z
18.52,2019-09-05T12:45:36.000Z
18.50,2019-09-05T12:45:06.000Z
18.50,2019-09-05T12:44:35.000Z
18.50,2019-09-05T12:44:05.000Z
18.47,2019-09-05T12:43:35.000Z
18.50,2019-09-05T12:43:05.000Z
18.49,2019-09-05T12:42:35.000Z
18.49,2019-09-05T12:42:05.000Z
18.49,2019-09-05T12:41:35.000Z
18.49,2019-09-05T12:41:05.000Z
18.45,2019-09-05T12:40:35.000Z
18.45,2019-09-05T12:40:05.000Z
18.45,2019-09-05T12:39:34.000Z
18.47,2019-09-05T12:39:04.000Z
18.45,2019-09-05T12:38:34.000Z
18.45,2019-09-05T12:38:04.000Z
18.47,2019-09-05T12:37:34.000Z
18.47,2019-09-05T12:37:04.000Z
18.47,2019-09-05T12:36:34.000Z
18.45,2019-09-05T12:36:04.000Z
18.47,2019-09-05T12:35:34.000Z
18.45,2019-09-05T12:35:03.000Z
18.45,2019-09-05T12:34:33.000Z
18.44,2019-09-05T12:34:03.000Z
18.45,2019-09-05T12:33:33.000Z
18.45,2019-09-05T12:33:03.000Z
18.47,2019-09-05T12:32:33.000Z
18.47,2019-09-05T12:32:03.000Z
18.47,2019-09-05T12:31:33.000Z
18.45,2019-09-05T12:31:03.000Z
18.47,2019-09-05T12:30:32.000Z
18.47,2019-09-05T12:30:02.000Z
18.47,2019-09-05T12:29:32.000Z
18.45,2019-09-05T12:29:02.000Z
18.45,2019-09-05T12:28:32.000Z
18.45,2019-09-05T12:28:02.000Z
18.45,2019-09-05T12:27:32.000Z
18.44,2019-09-05T12:27:02.000Z
18.44,2019-09-05T12:26:32.000Z
18.45,2019-09-05T12:26:01.000Z
18.44,2019-09-05T12:25:31.000Z
18.44,2019-09-05T12:25:01.000Z
18.43,2019-09-05T12:24:31.000Z
18.44,2019-09-05T12:24:01.000Z
18.43,2019-09-05T12:23:30.000Z
18.43,2019-09-05T12:23:00.000Z
18.43,2019-09-05T12:22:30.000Z
18.44,2019-09-05T12:22:00.000Z
18.44,2019-09-05T12:21:30.000Z
18.44,2019-09-05T12:21:00.000Z
18.44,2019-09-05T12:20:30.000Z
18.44,2019-09-05T12:20:00.000Z
18.44,2019-09-05T12:19:30.000Z
18.44,2019-09-05T12:19:00.000Z
18.41,2019-09-05T12:18:29.000Z
18.41,2019-09-05T12:17:59.000Z
18.41,2019-09-05T12:17:29.000Z
18.43,2019-09-05T12:16:59.000Z
18.41,2019-09-05T12:16:29.000Z
18.41,2019-09-05T12:15:59.000Z
18.43,2019-09-05T12:15:29.000Z
18.41,2019-09-05T12:14:59.000Z
18.43,2019-09-05T12:14:29.000Z
18.43,2019-09-05T12:13:58.000Z
18.43,2019-09-05T12:13:28.000Z
18.43,2019-09-05T12:12:58.000Z
18.41,2019-09-05T12:12:28.000Z
18.41,2019-09-05T12:11:58.000Z
18.41,2019-09-05T12:11:28.000Z
18.41,2019-09-05T12:10:58.000Z
18.41,2019-09-05T12:10:28.000Z
18.41,2019-09-05T12:09:58.000Z
18.41,2019-09-05T12:09:27.000Z
18.41,2019-09-05T12:08:57.000Z
18.41,2019-09-05T12:08:27.000Z
18.40,2019-09-05T12:07:57.000Z
18.41,2019-09-05T12:07:27.000Z
18.40,2019-09-05T12:06:57.000Z
18.38,2019-09-05T12:06:27.000Z
18.40,2019-09-05T12:05:57.000Z
18.38,2019-09-05T12:05:27.000Z
18.38,2019-09-05T12:04:56.000Z
18.40,2019-09-05T12:04:26.000Z
18.38,2019-09-05T12:03:56.000Z
18.38,2019-09-05T12:03:26.000Z
18.38,2019-09-05T12:02:56.000Z
18.38,2019-09-05T12:02:26.000Z
18.38,2019-09-05T12:01:56.000Z
18.38,2019-09-05T12:01:26.000Z
18.37,2019-09-05T12:00:56.000Z
18.38,2019-09-05T12:00:25.000Z
18.35,2019-09-05T11:59:55.000Z
18.37,2019-09-05T11:59:25.000Z
18.37,2019-09-05T11:58:55.000Z
18.35,2019-09-05T11:58:25.000Z
18.35,2019-09-05T11:57:55.000Z
18.35,2019-09-05T11:57:25.000Z
18.34,2019-09-05T11:56:55.000Z
18.34,2019-09-05T11:56:25.000Z
18.34,2019-09-05T11:55:54.000Z
18.34,2019-09-05T11:55:24.000Z
18.34,2019-09-05T11:54:54.000Z
18.33,2019-09-05T11:54:24.000Z
18.33,2019-09-05T11:53:54.000Z
18.31,2019-09-05T11:53:24.000Z
18.33,2019-09-05T11:52:53.000Z
18.33,2019-09-05T11:52:23.000Z
18.31,2019-09-05T11:51:53.000Z
18.29,2019-09-05T11:51:23.000Z
18.29,2019-09-05T11:50:53.000Z
18.29,2019-09-05T11:50:23.000Z
18.29,2019-09-05T11:49:53.000Z
18.29,2019-09-05T11:49:23.000Z
18.29,2019-09-05T11:48:53.000Z
18.29,2019-09-05T11:48:22.000Z
18.29,2019-09-05T11:47:52.000Z
18.28,2019-09-05T11:47:22.000Z
18.26,2019-09-05T11:46:52.000Z
18.28,2019-09-05T11:46:22.000Z
18.26,2019-09-05T11:45:52.000Z
18.26,2019-09-05T11:45:22.000Z
18.28,2019-09-05T11:44:52.000Z
18.25,2019-09-05T11:44:22.000Z
18.26,2019-09-05T11:43:51.000Z
18.25,2019-09-05T11:43:21.000Z
18.25,2019-09-05T11:42:51.000Z
18.23,2019-09-05T11:42:21.000Z
18.25,2019-09-05T11:41:51.000Z
18.25,2019-09-05T11:41:21.000Z
18.25,2019-09-05T11:40:51.000Z
18.22,2019-09-05T11:40:21.000Z
18.22,2019-09-05T11:39:51.000Z
18.22,2019-09-05T11:39:20.000Z
18.20,2019-09-05T11:38:50.000Z
18.22,2019-09-05T11:38:20.000Z
18.19,2019-09-05T11:37:50.000Z
18.20,2019-09-05T11:37:20.000Z
18.19,2019-09-05T11:36:50.000Z
18.18,2019-09-05T11:36:20.000Z
18.19,2019-09-05T11:35:50.000Z
18.19,2019-09-05T11:35:20.000Z
18.18,2019-09-05T11:34:50.000Z
18.16,2019-09-05T11:34:19.000Z
18.15,2019-09-05T11:33:49.000Z
18.15,2019-09-05T11:33:19.000Z
18.13,2019-09-05T11:32:49.000Z
18.11,2019-09-05T11:32:19.000Z
18.11,2019-09-05T11:31:49.000Z
18.11,2019-09-05T11:31:19.000Z
18.08,2019-09-05T11:30:49.000Z
18.07,2019-09-05T11:30:19.000Z
18.07,2019-09-05T11:29:48.000Z
18.05,2019-09-05T11:29:18.000Z
18.05,2019-09-05T11:28:48.000Z
18.03,2019-09-05T11:28:18.000Z
18.00,2019-09-05T11:27:48.000Z
18.01,2019-09-05T11:27:18.000Z
17.98,2019-09-05T11:26:48.000Z
17.97,2019-09-05T11:26:18.000Z
17.95,2019-09-05T11:25:47.000Z
17.94,2019-09-05T11:25:17.000Z
17.92,2019-09-05T11:24:47.000Z
17.89,2019-09-05T11:24:17.000Z
17.86,2019-09-05T11:23:47.000Z
17.83,2019-09-05T11:23:17.000Z
17.80,2019-09-05T11:22:47.000Z
17.78,2019-09-05T11:22:16.000Z
17.71,2019-09-05T11:21:46.000Z
17.65,2019-09-05T11:21:16.000Z
17.60,2019-09-05T11:20:46.000Z
17.52,2019-09-05T11:20:16.000Z
17.46,2019-09-05T11:19:46.000Z
17.38,2019-09-05T11:19:16.000Z
17.31,2019-09-05T11:18:46.000Z
17.26,2019-09-05T11:18:16.000Z
17.30,2019-09-05T11:17:46.000Z
17.36,2019-09-05T11:17:16.000Z
17.41,2019-09-05T11:16:45.000Z
17.48,2019-09-05T11:16:15.000Z
17.44,2019-09-05T11:15:45.000Z
17.38,2019-09-05T11:15:15.000Z
17.45,2019-09-05T11:14:45.000Z
17.44,2019-09-05T11:14:15.000Z
17.41,2019-09-05T11:13:45.000Z
17.34,2019-09-05T11:13:15.000Z
17.30,2019-09-05T11:12:45.000Z
17.30,2019-09-05T11:12:14.000Z
17.42,2019-09-05T11:11:44.000Z
17.56,2019-09-05T11:11:14.000Z
17.57,2019-09-05T11:10:44.000Z
17.65,2019-09-05T11:10:14.000Z
17.71,2019-09-05T11:09:44.000Z
17.83,2019-09-05T11:09:14.000Z
17.85,2019-09-05T11:08:44.000Z
17.80,2019-09-05T11:08:14.000Z
17.76,2019-09-05T11:07:43.000Z
17.71,2019-09-05T11:07:13.000Z
17.70,2019-09-05T11:06:43.000Z
17.71,2019-09-05T11:06:13.000Z
17.67,2019-09-05T11:05:43.000Z
17.65,2019-09-05T11:05:13.000Z
17.67,2019-09-05T11:04:43.000Z
17.70,2019-09-05T11:04:13.000Z
17.78,2019-09-05T11:03:43.000Z
17.85,2019-09-05T11:03:12.000Z
17.89,2019-09-05T11:02:42.000Z
17.85,2019-09-05T11:02:12.000Z
17.82,2019-09-05T11:01:42.000Z
17.74,2019-09-05T11:01:12.000Z
17.70,2019-09-05T11:00:42.000Z
17.64,2019-09-05T11:00:12.000Z
17.59,2019-09-05T10:59:42.000Z
17.57,2019-09-05T10:59:12.000Z
17.64,2019-09-05T10:58:41.000Z
17.65,2019-09-05T10:58:11.000Z
17.64,2019-09-05T10:57:41.000Z
17.56,2019-09-05T10:57:11.000Z
17.49,2019-09-05T10:56:41.000Z
17.45,2019-09-05T10:56:11.000Z
17.44,2019-09-05T10:55:41.000Z
17.41,2019-09-05T10:55:11.000Z
17.39,2019-09-05T10:54:41.000Z
17.36,2019-09-05T10:54:11.000Z
17.44,2019-09-05T10:53:40.000Z
17.54,2019-09-05T10:53:10.000Z
17.57,2019-09-05T10:52:40.000Z
17.49,2019-09-05T10:52:10.000Z
17.39,2019-09-05T10:51:40.000Z
17.30,2019-09-05T10:51:10.000Z
17.15,2019-09-05T10:50:40.000Z
17.05,2019-09-05T10:50:10.000Z
16.96,2019-09-05T10:49:40.000Z
16.93,2019-09-05T10:49:09.000Z
16.91,2019-09-05T10:48:39.000Z
16.93,2019-09-05T10:48:09.000Z
17.02,2019-09-05T10:47:39.000Z
16.99,2019-09-05T10:47:09.000Z
16.94,2019-09-05T10:46:39.000Z
16.94,2019-09-05T10:46:09.000Z
16.93,2019-09-05T10:45:38.000Z
16.94,2019-09-05T10:45:08.000Z
16.97,2019-09-05T10:44:38.000Z
17.06,2019-09-05T10:44:08.000Z
17.06,2019-09-05T10:43:38.000Z
17.04,2019-09-05T10:43:08.000Z
17.02,2019-09-05T10:42:38.000Z
16.91,2019-09-05T10:42:07.000Z
16.84,2019-09-05T10:41:37.000Z
16.81,2019-09-05T10:41:07.000Z
16.75,2019-09-05T10:40:37.000Z
16.75,2019-09-05T10:40:07.000Z
16.94,2019-09-05T10:39:37.000Z
16.99,2019-09-05T10:39:07.000Z
16.94,2019-09-05T10:38:37.000Z
16.89,2019-09-05T10:38:07.000Z
16.84,2019-09-05T10:37:36.000Z
16.71,2019-09-05T10:37:06.000Z
16.61,2019-09-05T10:36:36.000Z
16.65,2019-09-05T10:36:06.000Z
16.61,2019-09-05T10:35:36.000Z
16.60,2019-09-05T10:35:06.000Z
16.72,2019-09-05T10:34:36.000Z
16.74,2019-09-05T10:34:06.000Z
16.72,2019-09-05T10:33:36.000Z
16.65,2019-09-05T10:33:05.000Z
16.66,2019-09-05T10:32:35.000Z
16.69,2019-09-05T10:32:05.000Z
16.74,2019-09-05T10:31:35.000Z
16.81,2019-09-05T10:31:05.000Z
16.83,2019-09-05T10:30:35.000Z
16.72,2019-09-05T10:30:05.000Z
16.61,2019-09-05T10:29:35.000Z
16.66,2019-09-05T10:29:05.000Z
16.72,2019-09-05T10:28:35.000Z
16.81,2019-09-05T10:28:04.000Z
16.79,2019-09-05T10:27:34.000Z
16.93,2019-09-05T10:27:04.000Z
16.90,2019-09-05T10:26:34.000Z
16.79,2019-09-05T10:26:04.000Z
16.68,2019-09-05T10:25:34.000Z
16.56,2019-09-05T10:25:04.000Z
16.47,2019-09-05T10:24:34.000Z
16.58,2019-09-05T10:24:04.000Z
16.68,2019-09-05T10:23:33.000Z
16.74,2019-09-05T10:23:03.000Z
16.71,2019-09-05T10:22:33.000Z
16.79,2019-09-05T10:22:03.000Z
16.69,2019-09-05T10:21:33.000Z
16.58,2019-09-05T10:21:03.000Z
16.56,2019-09-05T10:20:33.000Z
16.57,2019-09-05T10:20:03.000Z
16.65,2019-09-05T10:19:33.000Z
16.71,2019-09-05T10:19:02.000Z
16.74,2019-09-05T10:18:32.000Z
16.68,2019-09-05T10:18:02.000Z
16.65,2019-09-05T10:17:32.000Z
16.72,2019-09-05T10:17:02.000Z
16.79,2019-09-05T10:16:32.000Z
16.84,2019-09-05T10:16:02.000Z
16.90,2019-09-05T10:15:31.000Z
16.84,2019-09-05T10:15:01.000Z
16.78,2019-09-05T10:14:31.000Z
16.71,2019-09-05T10:14:01.000Z
16.72,2019-09-05T10:13:31.000Z
16.75,2019-09-05T10:13:01.000Z
16.72,2019-09-05T10:12:31.000Z
16.75,2019-09-05T10:12:00.000Z
16.79,2019-09-05T10:11:30.000Z
16.91,2019-09-05T10:11:00.000Z
16.83,2019-09-05T10:10:30.000Z
16.89,2019-09-05T10:10:00.000Z
16.89,2019-09-05T10:09:30.000Z
16.81,2019-09-05T10:09:00.000Z
16.79,2019-09-05T10:08:30.000Z
16.72,2019-09-05T10:08:00.000Z
16.65,2019-09-05T10:07:30.000Z
16.64,2019-09-05T10:06:59.000Z
16.57,2019-09-05T10:06:29.000Z
16.51,2019-09-05T10:05:59.000Z
16.68,2019-09-05T10:05:29.000Z
16.58,2019-09-05T10:04:59.000Z
16.51,2019-09-05T10:04:29.000Z
16.60,2019-09-05T10:03:59.000Z
16.72,2019-09-05T10:03:29.000Z
16.79,2019-09-05T10:02:59.000Z
16.81,2019-09-05T10:02:28.000Z
16.93,2019-09-05T10:01:58.000Z
16.93,2019-09-05T10:01:28.000Z
16.86,2019-09-05T10:00:58.000Z
16.79,2019-09-05T10:00:28.000Z
16.75,2019-09-05T09:59:58.000Z
16.76,2019-09-05T09:59:28.000Z
16.76,2019-09-05T09:58:58.000Z
16.76,2019-09-05T09:58:28.000Z
16.76,2019-09-05T09:57:57.000Z
16.83,2019-09-05T09:57:27.000Z
16.78,2019-09-05T09:56:57.000Z
16.76,2019-09-05T09:56:27.000Z
16.78,2019-09-05T09:55:57.000Z
16.89,2019-09-05T09:55:27.000Z
17.01,2019-09-05T09:54:57.000Z
16.93,2019-09-05T09:54:27.000Z
16.87,2019-09-05T09:53:57.000Z
16.86,2019-09-05T09:53:26.000Z
16.75,2019-09-05T09:52:56.000Z
16.65,2019-09-05T09:52:26.000Z
16.64,2019-09-05T09:51:56.000Z
16.69,2019-09-05T09:51:26.000Z
16.78,2019-09-05T09:50:56.000Z
16.71,2019-09-05T09:50:26.000Z
16.66,2019-09-05T09:49:56.000Z
16.60,2019-09-05T09:49:26.000Z
16.54,2019-09-05T09:48:55.000Z
16.61,2019-09-05T09:48:25.000Z
16.78,2019-09-05T09:47:55.000Z
16.89,2019-09-05T09:47:25.000Z
17.04,2019-09-05T09:46:55.000Z
17.04,2019-09-05T09:46:25.000Z
17.05,2019-09-05T09:45:55.000Z
17.06,2019-09-05T09:45:24.000Z
16.93,2019-09-05T09:44:54.000Z
16.87,2019-09-05T09:44:24.000Z
16.87,2019-09-05T09:43:54.000Z
16.84,2019-09-05T09:43:24.000Z
16.76,2019-09-05T09:42:54.000Z
16.79,2019-09-05T09:42:24.000Z
16.83,2019-09-05T09:41:54.000Z
16.99,2019-09-05T09:41:24.000Z
17.08,2019-09-05T09:40:53.000Z
17.19,2019-09-05T09:40:23.000Z
17.19,2019-09-05T09:39:53.000Z
17.05,2019-09-05T09:39:23.000Z
17.01,2019-09-05T09:38:53.000Z
17.02,2019-09-05T09:38:23.000Z
17.16,2019-09-05T09:37:53.000Z
17.19,2019-09-05T09:37:23.000Z
17.23,2019-09-05T09:36:53.000Z
17.20,2019-09-05T09:36:23.000Z
17.22,2019-09-05T09:35:52.000Z
17.11,2019-09-05T09:35:22.000Z
16.99,2019-09-05T09:34:52.000Z
16.97,2019-09-05T09:34:22.000Z
16.96,2019-09-05T09:33:52.000Z
16.93,2019-09-05T09:33:22.000Z
16.83,2019-09-05T09:32:52.000Z
16.86,2019-09-05T09:32:22.000Z
16.75,2019-09-05T09:31:52.000Z
16.66,2019-09-05T09:31:21.000Z
16.66,2019-09-05T09:30:51.000Z
16.78,2019-09-05T09:30:21.000Z
16.90,2019-09-05T09:29:51.000Z
17.12,2019-09-05T09:29:21.000Z
17.12,2019-09-05T09:28:51.000Z
17.23,2019-09-05T09:28:21.000Z
17.20,2019-09-05T09:27:51.000Z
17.26,2019-09-05T09:27:21.000Z
17.39,2019-09-05T09:26:50.000Z
17.54,2019-09-05T09:26:20.000Z
17.56,2019-09-05T09:25:50.000Z
17.92,2019-09-05T09:25:20.000Z
18.40,2019-09-05T09:24:50.000Z
18.52,2019-09-05T09:24:20.000Z
18.52,2019-09-05T09:23:50.000Z
18.52,2019-09-05T09:23:20.000Z
18.52,2019-09-05T09:22:50.000Z
18.52,2019-09-05T09:22:20.000Z
18.53,2019-09-05T09:21:49.000Z
18.52,2019-09-05T09:21:19.000Z
18.53,2019-09-05T09:20:49.000Z
18.53,2019-09-05T09:20:19.000Z
18.52,2019-09-05T09:19:49.000Z
18.52,2019-09-05T09:19:19.000Z
18.52,2019-09-05T09:18:49.000Z
18.50,2019-09-05T09:18:19.000Z
18.52,2019-09-05T09:17:49.000Z
18.50,2019-09-05T09:17:18.000Z
18.50,2019-09-05T09:16:48.000Z
18.50,2019-09-05T09:16:18.000Z
18.52,2019-09-05T09:15:48.000Z
18.50,2019-09-05T09:15:18.000Z
18.50,2019-09-05T09:14:48.000Z
18.50,2019-09-05T09:14:18.000Z
18.52,2019-09-05T09:13:48.000Z
18.50,2019-09-05T09:13:18.000Z
18.52,2019-09-05T09:12:47.000Z
18.50,2019-09-05T09:12:17.000Z
18.50,2019-09-05T09:11:47.000Z
18.50,2019-09-05T09:11:17.000Z
18.50,2019-09-05T09:10:47.000Z
18.49,2019-09-05T09:10:17.000Z
18.50,2019-09-05T09:09:47.000Z
18.52,2019-09-05T09:09:17.000Z
18.50,2019-09-05T09:08:47.000Z
18.50,2019-09-05T09:08:16.000Z
18.50,2019-09-05T09:07:46.000Z
18.50,2019-09-05T09:07:16.000Z
18.50,2019-09-05T09:06:46.000Z
18.50,2019-09-05T09:06:16.000Z
18.49,2019-09-05T09:05:46.000Z
18.49,2019-09-05T09:05:15.000Z
18.50,2019-09-05T09:04:45.000Z
18.49,2019-09-05T09:04:15.000Z
18.50,2019-09-05T09:03:45.000Z
18.52,2019-09-05T09:03:15.000Z
18.50,2019-09-05T09:02:45.000Z
18.50,2019-09-05T09:02:15.000Z
18.49,2019-09-05T09:01:45.000Z
18.50,2019-09-05T09:01:15.000Z
18.49,2019-09-05T09:00:44.000Z
18.49,2019-09-05T09:00:14.000Z
18.50,2019-09-05T08:59:44.000Z
18.49,2019-09-05T08:59:14.000Z
18.49,2019-09-05T08:58:44.000Z
18.50,2019-09-05T08:58:14.000Z
18.49,2019-09-05T08:57:44.000Z
18.49,2019-09-05T08:57:14.000Z
18.50,2019-09-05T08:56:44.000Z
18.49,2019-09-05T08:56:13.000Z
18.49,2019-09-05T08:55:43.000Z
18.49,2019-09-05T08:55:13.000Z
18.49,2019-09-05T08:54:43.000Z
18.47,2019-09-05T08:54:13.000Z
18.49,2019-09-05T08:53:43.000Z
18.49,2019-09-05T08:53:13.000Z
18.49,2019-09-05T08:52:43.000Z
18.47,2019-09-05T08:52:13.000Z
18.47,2019-09-05T08:51:42.000Z
18.47,2019-09-05T08:51:12.000Z
18.47,2019-09-05T08:50:42.000Z
18.49,2019-09-05T08:50:12.000Z
18.47,2019-09-05T08:49:42.000Z
18.47,2019-09-05T08:49:12.000Z
18.47,2019-09-05T08:48:42.000Z
18.47,2019-09-05T08:48:12.000Z
18.47,2019-09-05T08:47:42.000Z
18.45,2019-09-05T08:47:12.000Z
18.47,2019-09-05T08:46:41.000Z
18.45,2019-09-05T08:46:11.000Z
18.45,2019-09-05T08:45:41.000Z
18.45,2019-09-05T08:45:11.000Z
18.45,2019-09-05T08:44:41.000Z
18.44,2019-09-05T08:44:11.000Z
18.45,2019-09-05T08:43:41.000Z
18.45,2019-09-05T08:43:11.000Z
18.45,2019-09-05T08:42:41.000Z
18.45,2019-09-05T08:42:10.000Z
18.44,2019-09-05T08:41:40.000Z
18.44,2019-09-05T08:41:10.000Z
18.43,2019-09-05T08:40:40.000Z
18.44,2019-09-05T08:40:10.000Z
18.43,2019-09-05T08:39:40.000Z
18.41,2019-09-05T08:39:10.000Z
18.44,2019-09-05T08:38:40.000Z
18.41,2019-09-05T08:38:10.000Z
18.41,2019-09-05T08:37:39.000Z
18.41,2019-09-05T08:37:09.000Z
18.41,2019-09-05T08:36:39.000Z
18.40,2019-09-05T08:36:09.000Z
18.41,2019-09-05T08:35:39.000Z
18.40,2019-09-05T08:35:08.000Z
18.40,2019-09-05T08:34:38.000Z
18.38,2019-09-05T08:34:08.000Z
18.40,2019-09-05T08:33:38.000Z
18.38,2019-09-05T08:33:08.000Z
18.38,2019-09-05T08:32:38.000Z
18.38,2019-09-05T08:32:08.000Z
18.37,2019-09-05T08:31:38.000Z
18.37,2019-09-05T08:31:08.000Z
18.37,2019-09-05T08:30:37.000Z
18.37,2019-09-05T08:30:07.000Z
18.38,2019-09-05T08:29:37.000Z
18.38,2019-09-05T08:29:07.000Z
18.38,2019-09-05T08:28:37.000Z
18.37,2019-09-05T08:28:07.000Z
18.38,2019-09-05T08:27:37.000Z
18.38,2019-09-05T08:27:07.000Z
18.38,2019-09-05T08:26:37.000Z
18.38,2019-09-05T08:26:07.000Z
18.38,2019-09-05T08:25:36.000Z
18.38,2019-09-05T08:25:06.000Z
18.38,2019-09-05T08:24:36.000Z
18.38,2019-09-05T08:24:06.000Z
18.38,2019-09-05T08:23:36.000Z
18.40,2019-09-05T08:23:06.000Z
18.40,2019-09-05T08:22:36.000Z
18.40,2019-09-05T08:22:06.000Z
18.38,2019-09-05T08:21:36.000Z
18.40,2019-09-05T08:21:05.000Z
18.40,2019-09-05T08:20:35.000Z
18.40,2019-09-05T08:20:05.000Z
18.40,2019-09-05T08:19:35.000Z
18.41,2019-09-05T08:19:05.000Z
18.41,2019-09-05T08:18:35.000Z
18.41,2019-09-05T08:18:05.000Z
18.40,2019-09-05T08:17:35.000Z
18.41,2019-09-05T08:17:05.000Z
18.43,2019-09-05T08:16:34.000Z
18.41,2019-09-05T08:16:04.000Z
18.40,2019-09-05T08:15:34.000Z
18.41,2019-09-05T08:15:04.000Z
18.41,2019-09-05T08:14:34.000Z
18.43,2019-09-05T08:14:04.000Z
18.41,2019-09-05T08:13:34.000Z
18.41,2019-09-05T08:13:04.000Z
18.41,2019-09-05T08:12:34.000Z
18.43,2019-09-05T08:12:03.000Z
18.41,2019-09-05T08:11:33.000Z
18.43,2019-09-05T08:11:03.000Z
18.43,2019-09-05T08:10:33.000Z
18.43,2019-09-05T08:10:03.000Z
18.41,2019-09-05T08:09:33.000Z
18.43,2019-09-05T08:09:03.000Z
18.43,2019-09-05T08:08:33.000Z
18.41,2019-09-05T08:08:03.000Z
18.43,2019-09-05T08:07:32.000Z
18.43,2019-09-05T08:07:02.000Z
18.41,2019-09-05T08:06:32.000Z
18.43,2019-09-05T08:06:02.000Z
18.43,2019-09-05T08:05:32.000Z
18.43,2019-09-05T08:05:02.000Z
18.44,2019-09-05T08:04:31.000Z
18.43,2019-09-05T08:04:01.000Z
18.44,2019-09-05T08:03:31.000Z
18.44,2019-09-05T08:03:01.000Z
18.44,2019-09-05T08:02:31.000Z
18.44,2019-09-05T08:02:01.000Z
18.45,2019-09-05T08:01:31.000Z
18.44,2019-09-05T08:01:01.000Z
18.44,2019-09-05T08:00:31.000Z
18.44,2019-09-05T08:00:00.000Z
18.44,2019-09-05T07:59:30.000Z
18.43,2019-09-05T07:59:00.000Z
18.44,2019-09-05T07:58:30.000Z
18.44,2019-09-05T07:58:00.000Z
18.44,2019-09-05T07:57:30.000Z
18.44,2019-09-05T07:57:00.000Z
18.44,2019-09-05T07:56:30.000Z
18.45,2019-09-05T07:56:00.000Z
18.44,2019-09-05T07:55:29.000Z
18.45,2019-09-05T07:54:59.000Z
18.43,2019-09-05T07:54:29.000Z
18.44,2019-09-05T07:53:59.000Z
18.43,2019-09-05T07:53:29.000Z
18.43,2019-09-05T07:52:59.000Z
18.43,2019-09-05T07:52:29.000Z
18.43,2019-09-05T07:51:59.000Z
18.44,2019-09-05T07:51:29.000Z
18.43,2019-09-05T07:50:58.000Z
18.43,2019-09-05T07:50:28.000Z
18.44,2019-09-05T07:49:58.000Z
18.44,2019-09-05T07:49:28.000Z
18.43,2019-09-05T07:48:58.000Z
18.44,2019-09-05T07:48:28.000Z
18.45,2019-09-05T07:47:58.000Z
18.43,2019-09-05T07:47:28.000Z
18.44,2019-09-05T07:46:58.000Z
18.43,2019-09-05T07:46:28.000Z
18.43,2019-09-05T07:45:57.000Z
18.44,2019-09-05T07:45:27.000Z
18.43,2019-09-05T07:44:57.000Z
18.44,2019-09-05T07:44:27.000Z
18.44,2019-09-05T07:43:57.000Z
18.44,2019-09-05T07:43:27.000Z
18.45,2019-09-05T07:42:57.000Z
18.45,2019-09-05T07:42:27.000Z
18.44,2019-09-05T07:41:57.000Z
18.45,2019-09-05T07:41:26.000Z
18.45,2019-09-05T07:40:56.000Z
18.45,2019-09-05T07:40:26.000Z
18.44,2019-09-05T07:39:56.000Z
18.45,2019-09-05T07:39:26.000Z
18.45,2019-09-05T07:38:56.000Z
18.45,2019-09-05T07:38:26.000Z
18.45,2019-09-05T07:37:56.000Z
18.45,2019-09-05T07:37:26.000Z
18.44,2019-09-05T07:36:55.000Z
18.45,2019-09-05T07:36:25.000Z
18.43,2019-09-05T07:35:55.000Z
18.44,2019-09-05T07:35:25.000Z
18.44,2019-09-05T07:34:55.000Z
18.44,2019-09-05T07:34:24.000Z
18.45,2019-09-05T07:33:54.000Z
18.44,2019-09-05T07:33:24.000Z
18.44,2019-09-05T07:32:54.000Z
18.45,2019-09-05T07:32:24.000Z
18.45,2019-09-05T07:31:54.000Z
18.45,2019-09-05T07:31:24.000Z
18.45,2019-09-05T07:30:54.000Z
18.44,2019-09-05T07:30:24.000Z
18.45,2019-09-05T07:29:54.000Z
18.44,2019-09-05T07:29:23.000Z
18.45,2019-09-05T07:28:53.000Z
18.45,2019-09-05T07:28:23.000Z
18.47,2019-09-05T07:27:53.000Z
18.47,2019-09-05T07:27:23.000Z
18.45,2019-09-05T07:26:53.000Z
18.45,2019-09-05T07:26:23.000Z
18.47,2019-09-05T07:25:53.000Z
18.47,2019-09-05T07:25:23.000Z
18.47,2019-09-05T07:24:52.000Z
18.47,2019-09-05T07:24:22.000Z
18.49,2019-09-05T07:23:52.000Z
18.45,2019-09-05T07:23:22.000Z
18.47,2019-09-05T07:22:52.000Z
18.45,2019-09-05T07:22:22.000Z
18.45,2019-09-05T07:21:52.000Z
18.47,2019-09-05T07:21:22.000Z
18.45,2019-09-05T07:20:52.000Z
18.47,2019-09-05T07:20:21.000Z
18.45,2019-09-05T07:19:51.000Z
18.47,2019-09-05T07:19:21.000Z
18.47,2019-09-05T07:18:51.000Z
18.47,2019-09-05T07:18:21.000Z
18.47,2019-09-05T07:17:51.000Z
18.49,2019-09-05T07:17:21.000Z
18.47,2019-09-05T07:16:51.000Z
18.47,2019-09-05T07:16:21.000Z
18.45,2019-09-05T07:15:50.000Z
18.47,2019-09-05T07:15:20.000Z
18.49,2019-09-05T07:14:50.000Z
18.47,2019-09-05T07:14:20.000Z
18.47,2019-09-05T07:13:50.000Z
18.47,2019-09-05T07:13:20.000Z
18.49,2019-09-05T07:12:50.000Z
18.47,2019-09-05T07:12:20.000Z
18.47,2019-09-05T07:11:50.000Z
18.47,2019-09-05T07:11:20.000Z
18.47,2019-09-05T07:10:49.000Z
18.47,2019-09-05T07:10:19.000Z
18.47,2019-09-05T07:09:49.000Z
18.47,2019-09-05T07:09:19.000Z
18.47,2019-09-05T07:08:49.000Z
18.50,2019-09-05T07:08:19.000Z
18.50,2019-09-05T07:07:49.000Z
18.47,2019-09-05T07:07:19.000Z
18.47,2019-09-05T07:06:49.000Z
18.49,2019-09-05T07:06:18.000Z
18.49,2019-09-05T07:05:48.000Z
18.49,2019-09-05T07:05:18.000Z
18.49,2019-09-05T07:04:48.000Z
18.49,2019-09-05T07:04:18.000Z
18.49,2019-09-05T07:03:48.000Z
18.49,2019-09-05T07:03:18.000Z
18.50,2019-09-05T07:02:47.000Z
18.47,2019-09-05T07:02:17.000Z
18.49,2019-09-05T07:01:47.000Z
18.50,2019-09-05T07:01:17.000Z
18.50,2019-09-05T07:00:47.000Z
18.50,2019-09-05T07:00:17.000Z
18.49,2019-09-05T06:59:47.000Z
18.50,2019-09-05T06:59:17.000Z
18.50,2019-09-05T06:58:47.000Z
18.49,2019-09-05T06:58:17.000Z
18.50,2019-09-05T06:57:47.000Z
18.49,2019-09-05T06:57:16.000Z
18.50,2019-09-05T06:56:46.000Z
18.50,2019-09-05T06:56:16.000Z
18.49,2019-09-05T06:55:46.000Z
18.49,2019-09-05T06:55:16.000Z
18.49,2019-09-05T06:54:46.000Z
18.50,2019-09-05T06:54:16.000Z
18.52,2019-09-05T06:53:46.000Z
18.50,2019-09-05T06:53:16.000Z
18.52,2019-09-05T06:52:46.000Z
18.49,2019-09-05T06:52:15.000Z
18.52,2019-09-05T06:51:45.000Z
18.52,2019-09-05T06:51:15.000Z
18.52,2019-09-05T06:50:45.000Z
18.52,2019-09-05T06:50:15.000Z
18.50,2019-09-05T06:49:45.000Z
18.50,2019-09-05T06:49:15.000Z
18.52,2019-09-05T06:48:45.000Z
18.52,2019-09-05T06:48:15.000Z
18.52,2019-09-05T06:47:45.000Z
18.50,2019-09-05T06:47:15.000Z
18.50,2019-09-05T06:46:44.000Z
18.52,2019-09-05T06:46:14.000Z
18.52,2019-09-05T06:45:44.000Z
18.52,2019-09-05T06:45:14.000Z
18.52,2019-09-05T06:44:44.000Z
18.52,2019-09-05T06:44:14.000Z
18.53,2019-09-05T06:43:44.000Z
18.53,2019-09-05T06:43:14.000Z
18.52,2019-09-05T06:42:44.000Z
18.52,2019-09-05T06:42:14.000Z
18.52,2019-09-05T06:41:43.000Z
18.53,2019-09-05T06:41:13.000Z
18.52,2019-09-05T06:40:43.000Z
18.53,2019-09-05T06:40:13.000Z
18.52,2019-09-05T06:39:43.000Z
18.52,2019-09-05T06:39:13.000Z
18.52,2019-09-05T06:38:43.000Z
18.53,2019-09-05T06:38:13.000Z
18.53,2019-09-05T06:37:43.000Z
18.53,2019-09-05T06:37:13.000Z
18.53,2019-09-05T06:36:43.000Z
18.53,2019-09-05T06:36:12.000Z
18.53,2019-09-05T06:35:42.000Z
18.53,2019-09-05T06:35:12.000Z
18.55,2019-09-05T06:34:42.000Z
18.53,2019-09-05T06:34:12.000Z
18.53,2019-09-05T06:33:42.000Z
18.53,2019-09-05T06:33:12.000Z
18.53,2019-09-05T06:32:42.000Z
18.55,2019-09-05T06:32:12.000Z
18.55,2019-09-05T06:31:42.000Z
18.55,2019-09-05T06:31:12.000Z
18.55,2019-09-05T06:30:41.000Z
18.55,2019-09-05T06:30:11.000Z
18.55,2019-09-05T06:29:41.000Z
18.53,2019-09-05T06:29:11.000Z
18.53,2019-09-05T06:28:41.000Z
18.55,2019-09-05T06:28:11.000Z
18.55,2019-09-05T06:27:41.000Z
18.53,2019-09-05T06:27:11.000Z
18.55,2019-09-05T06:26:41.000Z
18.55,2019-09-05T06:26:11.000Z
18.53,2019-09-05T06:25:40.000Z
18.55,2019-09-05T06:25:10.000Z
18.55,2019-09-05T06:24:40.000Z
18.56,2019-09-05T06:24:10.000Z
18.55,2019-09-05T06:23:40.000Z
18.55,2019-09-05T06:23:10.000Z
18.56,2019-09-05T06:22:40.000Z
18.55,2019-09-05T06:22:10.000Z
18.55,2019-09-05T06:21:40.000Z
18.55,2019-09-05T06:21:10.000Z
18.56,2019-09-05T06:20:40.000Z
18.55,2019-09-05T06:20:09.000Z
18.55,2019-09-05T06:19:39.000Z
18.56,2019-09-05T06:19:09.000Z
18.56,2019-09-05T06:18:39.000Z
18.56,2019-09-05T06:18:09.000Z
18.56,2019-09-05T06:17:39.000Z
18.56,2019-09-05T06:17:09.000Z
18.55,2019-09-05T06:16:39.000Z
18.56,2019-09-05T06:16:09.000Z
18.55,2019-09-05T06:15:39.000Z
18.58,2019-09-05T06:15:08.000Z
18.55,2019-09-05T06:14:38.000Z
18.56,2019-09-05T06:14:08.000Z
18.58,2019-09-05T06:13:38.000Z
18.56,2019-09-05T06:13:08.000Z
18.58,2019-09-05T06:12:38.000Z
18.55,2019-09-05T06:12:08.000Z
18.56,2019-09-05T06:11:38.000Z
18.56,2019-09-05T06:11:08.000Z
18.55,2019-09-05T06:10:38.000Z
18.56,2019-09-05T06:10:08.000Z
18.56,2019-09-05T06:09:37.000Z
18.56,2019-09-05T06:09:07.000Z
18.58,2019-09-05T06:08:37.000Z
18.56,2019-09-05T06:08:07.000Z
18.56,2019-09-05T06:07:37.000Z
18.56,2019-09-05T06:07:07.000Z
18.56,2019-09-05T06:06:37.000Z
18.58,2019-09-05T06:06:07.000Z
18.55,2019-09-05T06:05:37.000Z
18.56,2019-09-05T06:05:07.000Z
18.56,2019-09-05T06:04:36.000Z
18.56,2019-09-05T06:04:06.000Z
18.56,2019-09-05T06:03:36.000Z
18.55,2019-09-05T06:03:06.000Z
18.56,2019-09-05T06:02:36.000Z
18.55,2019-09-05T06:02:06.000Z
18.56,2019-09-05T06:01:36.000Z
18.56,2019-09-05T06:01:06.000Z
18.56,2019-09-05T06:00:36.000Z
18.56,2019-09-05T06:00:06.000Z
18.56,2019-09-05T05:59:36.000Z
18.56,2019-09-05T05:59:05.000Z
18.58,2019-09-05T05:58:35.000Z
18.56,2019-09-05T05:58:05.000Z
18.58,2019-09-05T05:57:35.000Z
18.56,2019-09-05T05:57:05.000Z
18.56,2019-09-05T05:56:35.000Z
18.56,2019-09-05T05:56:05.000Z
18.56,2019-09-05T05:55:35.000Z
18.59,2019-09-05T05:55:05.000Z
18.56,2019-09-05T05:54:35.000Z
18.56,2019-09-05T05:54:05.000Z
18.56,2019-09-05T05:53:34.000Z
18.56,2019-09-05T05:53:04.000Z
18.56,2019-09-05T05:52:34.000Z
18.56,2019-09-05T05:52:04.000Z
18.58,2019-09-05T05:51:34.000Z
18.56,2019-09-05T05:51:04.000Z
18.56,2019-09-05T05:50:34.000Z
18.58,2019-09-05T05:50:04.000Z
18.58,2019-09-05T05:49:34.000Z
18.56,2019-09-05T05:49:04.000Z
18.55,2019-09-05T05:48:33.000Z
18.56,2019-09-05T05:48:03.000Z
18.56,2019-09-05T05:47:33.000Z
18.56,2019-09-05T05:47:03.000Z
18.56,2019-09-05T05:46:33.000Z
18.56,2019-09-05T05:46:03.000Z
18.56,2019-09-05T05:45:33.000Z
18.56,2019-09-05T05:45:03.000Z
18.56,2019-09-05T05:44:33.000Z
18.56,2019-09-05T05:44:03.000Z
18.55,2019-09-05T05:43:33.000Z
18.56,2019-09-05T05:43:02.000Z
18.56,2019-09-05T05:42:32.000Z
18.56,2019-09-05T05:42:02.000Z
18.56,2019-09-05T05:41:32.000Z
18.56,2019-09-05T05:41:02.000Z
18.56,2019-09-05T05:40:32.000Z
18.55,2019-09-05T05:40:02.000Z
18.55,2019-09-05T05:39:32.000Z
18.55,2019-09-05T05:39:02.000Z
18.55,2019-09-05T05:38:32.000Z
18.55,2019-09-05T05:38:01.000Z
18.55,2019-09-05T05:37:31.000Z
18.55,2019-09-05T05:37:01.000Z
18.55,2019-09-05T05:36:31.000Z
18.55,2019-09-05T05:36:01.000Z
18.53,2019-09-05T05:35:31.000Z
18.56,2019-09-05T05:35:01.000Z
18.55,2019-09-05T05:34:31.000Z
18.53,2019-09-05T05:34:01.000Z
18.55,2019-09-05T05:33:31.000Z
18.56,2019-09-05T05:33:01.000Z
18.55,2019-09-05T05:32:30.000Z
18.56,2019-09-05T05:32:00.000Z
18.53,2019-09-05T05:31:30.000Z
18.55,2019-09-05T05:31:00.000Z
18.53,2019-09-05T05:30:30.000Z
18.55,2019-09-05T05:30:00.000Z
18.55,2019-09-05T05:29:30.000Z
18.55,2019-09-05T05:29:00.000Z
18.55,2019-09-05T05:28:30.000Z
18.53,2019-09-05T05:28:00.000Z
18.55,2019-09-05T05:27:29.000Z
18.53,2019-09-05T05:26:59.000Z
18.55,2019-09-05T05:26:29.000Z
18.55,2019-09-05T05:25:59.000Z
18.55,2019-09-05T05:25:29.000Z
18.55,2019-09-05T05:24:59.000Z
18.55,2019-09-05T05:24:29.000Z
18.56,2019-09-05T05:23:59.000Z
18.53,2019-09-05T05:23:29.000Z
18.55,2019-09-05T05:22:59.000Z
18.55,2019-09-05T05:22:29.000Z
18.55,2019-09-05T05:21:58.000Z
18.55,2019-09-05T05:21:28.000Z
18.55,2019-09-05T05:20:58.000Z
18.56,2019-09-05T05:20:28.000Z
18.55,2019-09-05T05:19:58.000Z
18.55,2019-09-05T05:19:28.000Z
18.53,2019-09-05T05:18:58.000Z
18.56,2019-09-05T05:18:28.000Z
18.55,2019-09-05T05:17:58.000Z
18.56,2019-09-05T05:17:28.000Z
18.56,2019-09-05T05:16:57.000Z
18.55,2019-09-05T05:16:27.000Z
18.56,2019-09-05T05:15:57.000Z
18.56,2019-09-05T05:15:27.000Z
18.56,2019-09-05T05:14:57.000Z
18.58,2019-09-05T05:14:27.000Z
18.56,2019-09-05T05:13:57.000Z
18.56,2019-09-05T05:13:27.000Z
18.56,2019-09-05T05:12:57.000Z
18.58,2019-09-05T05:12:27.000Z
18.56,2019-09-05T05:11:56.000Z
18.58,2019-09-05T05:11:26.000Z
18.58,2019-09-05T05:10:56.000Z
18.58,2019-09-05T05:10:26.000Z
18.58,2019-09-05T05:09:56.000Z
18.58,2019-09-05T05:09:26.000Z
18.56,2019-09-05T05:08:56.000Z
18.59,2019-09-05T05:08:26.000Z
18.58,2019-09-05T05:07:56.000Z
18.58,2019-09-05T05:07:26.000Z
18.58,2019-09-05T05:06:56.000Z
18.58,2019-09-05T05:06:25.000Z
18.59,2019-09-05T05:05:55.000Z
18.58,2019-09-05T05:05:25.000Z
18.59,2019-09-05T05:04:55.000Z
18.58,2019-09-05T05:04:25.000Z
18.58,2019-09-05T05:03:55.000Z
18.58,2019-09-05T05:03:25.000Z
18.59,2019-09-05T05:02:55.000Z
18.58,2019-09-05T05:02:25.000Z
18.58,2019-09-05T05:01:55.000Z
18.58,2019-09-05T05:01:25.000Z
18.58,2019-09-05T05:00:54.000Z
18.59,2019-09-05T05:00:24.000Z
18.58,2019-09-05T04:59:54.000Z
18.59,2019-09-05T04:59:24.000Z
18.58,2019-09-05T04:58:54.000Z
18.58,2019-09-05T04:58:24.000Z
18.60,2019-09-05T04:57:54.000Z
18.59,2019-09-05T04:57:24.000Z
18.58,2019-09-05T04:56:54.000Z
18.58,2019-09-05T04:56:24.000Z
18.58,2019-09-05T04:55:53.000Z
18.59,2019-09-05T04:55:23.000Z
18.59,2019-09-05T04:54:53.000Z
18.59,2019-09-05T04:54:23.000Z
18.59,2019-09-05T04:53:53.000Z
18.59,2019-09-05T04:53:23.000Z
18.59,2019-09-05T04:52:53.000Z
18.59,2019-09-05T04:52:23.000Z
18.59,2019-09-05T04:51:53.000Z
18.59,2019-09-05T04:51:23.000Z
18.59,2019-09-05T04:50:53.000Z
18.59,2019-09-05T04:50:22.000Z
18.59,2019-09-05T04:49:52.000Z
18.60,2019-09-05T04:49:22.000Z
18.60,2019-09-05T04:48:52.000Z
18.59,2019-09-05T04:48:22.000Z
18.59,2019-09-05T04:47:52.000Z
18.60,2019-09-05T04:47:22.000Z
18.60,2019-09-05T04:46:52.000Z
18.60,2019-09-05T04:46:22.000Z
18.60,2019-09-05T04:45:52.000Z
18.60,2019-09-05T04:45:21.000Z
18.60,2019-09-05T04:44:51.000Z
18.60,2019-09-05T04:44:21.000Z
18.62,2019-09-05T04:43:51.000Z
18.60,2019-09-05T04:43:21.000Z
18.62,2019-09-05T04:42:51.000Z
18.62,2019-09-05T04:42:21.000Z
18.62,2019-09-05T04:41:51.000Z
18.62,2019-09-05T04:41:21.000Z
18.62,2019-09-05T04:40:51.000Z
18.62,2019-09-05T04:40:21.000Z
18.62,2019-09-05T04:39:50.000Z
18.62,2019-09-05T04:39:20.000Z
18.60,2019-09-05T04:38:50.000Z
18.62,2019-09-05T04:38:20.000Z
18.62,2019-09-05T04:37:50.000Z
18.62,2019-09-05T04:37:20.000Z
18.62,2019-09-05T04:36:50.000Z
18.62,2019-09-05T04:36:20.000Z
18.63,2019-09-05T04:35:50.000Z
18.63,2019-09-05T04:35:20.000Z
18.63,2019-09-05T04:34:49.000Z
18.63,2019-09-05T04:34:19.000Z
18.62,2019-09-05T04:33:49.000Z
18.63,2019-09-05T04:33:19.000Z
18.62,2019-09-05T04:32:49.000Z
18.62,2019-09-05T04:32:19.000Z
18.62,2019-09-05T04:31:49.000Z
18.62,2019-09-05T04:31:19.000Z
18.63,2019-09-05T04:30:49.000Z
18.63,2019-09-05T04:30:19.000Z
18.63,2019-09-05T04:29:49.000Z
18.63,2019-09-05T04:29:18.000Z
18.63,2019-09-05T04:28:48.000Z
18.63,2019-09-05T04:28:18.000Z
18.63,2019-09-05T04:27:48.000Z
18.63,2019-09-05T04:27:18.000Z
18.63,2019-09-05T04:26:48.000Z
18.63,2019-09-05T04:26:18.000Z
18.63,2019-09-05T04:25:48.000Z
18.63,2019-09-05T04:25:18.000Z
18.63,2019-09-05T04:24:48.000Z
18.65,2019-09-05T04:24:17.000Z
18.65,2019-09-05T04:23:47.000Z
18.63,2019-09-05T04:23:17.000Z
18.63,2019-09-05T04:22:47.000Z
18.65,2019-09-05T04:22:17.000Z
18.65,2019-09-05T04:21:47.000Z
18.63,2019-09-05T04:21:17.000Z
18.65,2019-09-05T04:20:47.000Z
18.63,2019-09-05T04:20:17.000Z
18.65,2019-09-05T04:19:47.000Z
18.65,2019-09-05T04:19:17.000Z
18.63,2019-09-05T04:18:46.000Z
18.63,2019-09-05T04:18:16.000Z
18.65,2019-09-05T04:17:46.000Z
18.65,2019-09-05T04:17:16.000Z
18.65,2019-09-05T04:16:46.000Z
18.65,2019-09-05T04:16:16.000Z
18.65,2019-09-05T04:15:46.000Z
18.65,2019-09-05T04:15:16.000Z
18.63,2019-09-05T04:14:46.000Z
18.66,2019-09-05T04:14:16.000Z
18.65,2019-09-05T04:13:45.000Z
18.66,2019-09-05T04:13:15.000Z
18.65,2019-09-05T04:12:45.000Z
18.65,2019-09-05T04:12:15.000Z
18.65,2019-09-05T04:11:45.000Z
18.66,2019-09-05T04:11:15.000Z
18.66,2019-09-05T04:10:45.000Z
18.66,2019-09-05T04:10:15.000Z
18.65,2019-09-05T04:09:45.000Z
18.66,2019-09-05T04:09:15.000Z
18.65,2019-09-05T04:08:45.000Z
18.66,2019-09-05T04:08:14.000Z
18.66,2019-09-05T04:07:44.000Z
18.66,2019-09-05T04:07:14.000Z
18.66,2019-09-05T04:06:44.000Z
18.66,2019-09-05T04:06:14.000Z
18.65,2019-09-05T04:05:44.000Z
18.66,2019-09-05T04:05:14.000Z
18.66,2019-09-05T04:04:44.000Z
18.66,2019-09-05T04:04:14.000Z
18.66,2019-09-05T04:03:44.000Z
18.68,2019-09-05T04:03:14.000Z
18.66,2019-09-05T04:02:43.000Z
18.66,2019-09-05T04:02:13.000Z
18.66,2019-09-05T04:01:43.000Z
18.66,2019-09-05T04:01:13.000Z
18.66,2019-09-05T04:00:43.000Z
18.66,2019-09-05T04:00:13.000Z
18.66,2019-09-05T03:59:43.000Z
18.66,2019-09-05T03:59:13.000Z
18.68,2019-09-05T03:58:43.000Z
18.68,2019-09-05T03:58:13.000Z
18.68,2019-09-05T03:57:42.000Z
18.68,2019-09-05T03:57:12.000Z
18.68,2019-09-05T03:56:42.000Z
18.66,2019-09-05T03:56:12.000Z
18.68,2019-09-05T03:55:42.000Z
18.68,2019-09-05T03:55:12.000Z
18.68,2019-09-05T03:54:42.000Z
18.68,2019-09-05T03:54:12.000Z
18.68,2019-09-05T03:53:42.000Z
18.68,2019-09-05T03:53:12.000Z
18.70,2019-09-05T03:52:42.000Z
18.68,2019-09-05T03:52:11.000Z
18.68,2019-09-05T03:51:41.000Z
18.68,2019-09-05T03:51:11.000Z
18.68,2019-09-05T03:50:41.000Z
18.68,2019-09-05T03:50:11.000Z
18.68,2019-09-05T03:49:41.000Z
18.70,2019-09-05T03:49:11.000Z
18.70,2019-09-05T03:48:41.000Z
18.70,2019-09-05T03:48:11.000Z
18.70,2019-09-05T03:47:41.000Z
18.70,2019-09-05T03:47:10.000Z
18.71,2019-09-05T03:46:40.000Z
18.70,2019-09-05T03:46:10.000Z
18.70,2019-09-05T03:45:40.000Z
18.70,2019-09-05T03:45:10.000Z
18.70,2019-09-05T03:44:40.000Z
18.70,2019-09-05T03:44:10.000Z
18.70,2019-09-05T03:43:40.000Z
18.68,2019-09-05T03:43:10.000Z
18.68,2019-09-05T03:42:40.000Z
18.70,2019-09-05T03:42:10.000Z
18.68,2019-09-05T03:41:39.000Z
18.70,2019-09-05T03:41:09.000Z
18.68,2019-09-05T03:40:39.000Z
18.68,2019-09-05T03:40:09.000Z
18.68,2019-09-05T03:39:39.000Z
18.70,2019-09-05T03:39:09.000Z
18.68,2019-09-05T03:38:39.000Z
18.70,2019-09-05T03:38:09.000Z
18.71,2019-09-05T03:37:39.000Z
18.70,2019-09-05T03:37:09.000Z
18.70,2019-09-05T03:36:38.000Z
18.70,2019-09-05T03:36:08.000Z
18.70,2019-09-05T03:35:38.000Z
18.68,2019-09-05T03:35:08.000Z
18.68,2019-09-05T03:34:38.000Z
18.70,2019-09-05T03:34:08.000Z
18.70,2019-09-05T03:33:38.000Z
18.68,2019-09-05T03:33:08.000Z
18.70,2019-09-05T03:32:38.000Z
18.70,2019-09-05T03:32:08.000Z
18.70,2019-09-05T03:31:38.000Z
18.70,2019-09-05T03:31:07.000Z
18.70,2019-09-05T03:30:37.000Z
18.70,2019-09-05T03:30:07.000Z
18.71,2019-09-05T03:29:37.000Z
18.71,2019-09-05T03:29:07.000Z
18.71,2019-09-05T03:28:37.000Z
18.71,2019-09-05T03:28:07.000Z
18.71,2019-09-05T03:27:37.000Z
18.70,2019-09-05T03:27:07.000Z
18.70,2019-09-05T03:26:37.000Z
18.68,2019-09-05T03:26:06.000Z
18.70,2019-09-05T03:25:36.000Z
18.71,2019-09-05T03:25:06.000Z
18.71,2019-09-05T03:24:36.000Z
18.71,2019-09-05T03:24:06.000Z
18.68,2019-09-05T03:23:36.000Z
18.70,2019-09-05T03:23:06.000Z
18.70,2019-09-05T03:22:36.000Z
18.71,2019-09-05T03:22:06.000Z
18.71,2019-09-05T03:21:36.000Z
18.70,2019-09-05T03:21:06.000Z
18.70,2019-09-05T03:20:35.000Z
18.70,2019-09-05T03:20:05.000Z
18.70,2019-09-05T03:19:35.000Z
18.71,2019-09-05T03:19:05.000Z
18.70,2019-09-05T03:18:35.000Z
18.71,2019-09-05T03:18:05.000Z
18.70,2019-09-05T03:17:35.000Z
18.70,2019-09-05T03:17:05.000Z
18.70,2019-09-05T03:16:35.000Z
18.70,2019-09-05T03:16:05.000Z
18.70,2019-09-05T03:15:35.000Z
18.70,2019-09-05T03:15:04.000Z
18.70,2019-09-05T03:14:34.000Z
18.71,2019-09-05T03:14:04.000Z
18.70,2019-09-05T03:13:34.000Z
18.71,2019-09-05T03:13:04.000Z
18.71,2019-09-05T03:12:34.000Z
18.71,2019-09-05T03:12:04.000Z
18.71,2019-09-05T03:11:34.000Z
18.71,2019-09-05T03:11:04.000Z
18.71,2019-09-05T03:10:34.000Z
18.70,2019-09-05T03:10:03.000Z
18.70,2019-09-05T03:09:33.000Z
18.70,2019-09-05T03:09:03.000Z
18.71,2019-09-05T03:08:33.000Z
18.70,2019-09-05T03:08:03.000Z
18.71,2019-09-05T03:07:33.000Z
18.71,2019-09-05T03:07:03.000Z
18.73,2019-09-05T03:06:33.000Z
18.71,2019-09-05T03:06:03.000Z
18.71,2019-09-05T03:05:33.000Z
18.71,2019-09-05T03:05:02.000Z
18.71,2019-09-05T03:04:32.000Z
18.73,2019-09-05T03:04:02.000Z
18.73,2019-09-05T03:03:32.000Z
18.73,2019-09-05T03:03:02.000Z
18.71,2019-09-05T03:02:32.000Z
18.71,2019-09-05T03:02:02.000Z
18.71,2019-09-05T03:01:32.000Z
18.73,2019-09-05T03:01:02.000Z
18.71,2019-09-05T03:00:32.000Z
18.73,2019-09-05T03:00:02.000Z
18.71,2019-09-05T02:59:31.000Z
18.73,2019-09-05T02:59:01.000Z
18.71,2019-09-05T02:58:31.000Z
18.71,2019-09-05T02:58:01.000Z
18.71,2019-09-05T02:57:31.000Z
18.74,2019-09-05T02:57:01.000Z
18.74,2019-09-05T02:56:31.000Z
18.73,2019-09-05T02:56:01.000Z
18.73,2019-09-05T02:55:31.000Z
18.74,2019-09-05T02:55:01.000Z
18.74,2019-09-05T02:54:30.000Z
18.73,2019-09-05T02:54:00.000Z
18.73,2019-09-05T02:53:30.000Z
18.73,2019-09-05T02:53:00.000Z
18.73,2019-09-05T02:52:30.000Z
18.73,2019-09-05T02:52:00.000Z
18.74,2019-09-05T02:51:30.000Z
18.74,2019-09-05T02:51:00.000Z
18.73,2019-09-05T02:50:30.000Z
18.74,2019-09-05T02:50:00.000Z
18.73,2019-09-05T02:49:30.000Z
18.74,2019-09-05T02:48:59.000Z
18.73,2019-09-05T02:48:29.000Z
18.74,2019-09-05T02:47:59.000Z
18.73,2019-09-05T02:47:29.000Z
18.73,2019-09-05T02:46:59.000Z
18.74,2019-09-05T02:46:29.000Z
18.73,2019-09-05T02:45:59.000Z
18.73,2019-09-05T02:45:29.000Z
18.74,2019-09-05T02:44:59.000Z
18.74,2019-09-05T02:44:29.000Z
18.74,2019-09-05T02:43:59.000Z
18.74,2019-09-05T02:43:28.000Z
18.74,2019-09-05T02:42:58.000Z
18.77,2019-09-05T02:42:28.000Z
18.74,2019-09-05T02:41:58.000Z
18.74,2019-09-05T02:41:28.000Z
18.74,2019-09-05T02:40:58.000Z
18.74,2019-09-05T02:40:28.000Z
18.73,2019-09-05T02:39:58.000Z
18.74,2019-09-05T02:39:28.000Z
18.74,2019-09-05T02:38:58.000Z
18.74,2019-09-05T02:38:27.000Z
18.73,2019-09-05T02:37:57.000Z
18.74,2019-09-05T02:37:27.000Z
18.74,2019-09-05T02:36:57.000Z
18.75,2019-09-05T02:36:27.000Z
18.73,2019-09-05T02:35:57.000Z
18.73,2019-09-05T02:35:27.000Z
18.74,2019-09-05T02:34:57.000Z
18.73,2019-09-05T02:34:27.000Z
18.73,2019-09-05T02:33:57.000Z
18.74,2019-09-05T02:33:27.000Z
18.74,2019-09-05T02:32:56.000Z
18.74,2019-09-05T02:32:26.000Z
18.74,2019-09-05T02:31:56.000Z
18.74,2019-09-05T02:31:26.000Z
18.74,2019-09-05T02:30:56.000Z
18.74,2019-09-05T02:30:26.000Z
18.74,2019-09-05T02:29:56.000Z
18.74,2019-09-05T02:29:26.000Z
18.74,2019-09-05T02:28:56.000Z
18.74,2019-09-05T02:28:26.000Z
18.73,2019-09-05T02:27:55.000Z
18.74,2019-09-05T02:27:25.000Z
18.74,2019-09-05T02:26:55.000Z
18.74,2019-09-05T02:26:25.000Z
18.74,2019-09-05T02:25:55.000Z
18.74,2019-09-05T02:25:25.000Z
18.74,2019-09-05T02:24:55.000Z
18.73,2019-09-05T02:24:25.000Z
18.74,2019-09-05T02:23:55.000Z
18.74,2019-09-05T02:23:25.000Z
18.75,2019-09-05T02:22:55.000Z
18.74,2019-09-05T02:22:24.000Z
18.74,2019-09-05T02:21:54.000Z
18.74,2019-09-05T02:21:24.000Z
18.75,2019-09-05T02:20:54.000Z
18.75,2019-09-05T02:20:24.000Z
18.75,2019-09-05T02:19:54.000Z
18.75,2019-09-05T02:19:24.000Z
18.75,2019-09-05T02:18:54.000Z
18.75,2019-09-05T02:18:24.000Z
18.75,2019-09-05T02:17:54.000Z
18.75,2019-09-05T02:17:23.000Z
18.74,2019-09-05T02:16:53.000Z
18.74,2019-09-05T02:16:23.000Z
18.77,2019-09-05T02:15:53.000Z
18.75,2019-09-05T02:15:23.000Z
18.75,2019-09-05T02:14:53.000Z
18.75,2019-09-05T02:14:23.000Z
18.75,2019-09-05T02:13:53.000Z
18.75,2019-09-05T02:13:23.000Z
18.74,2019-09-05T02:12:53.000Z
18.75,2019-09-05T02:12:23.000Z
18.75,2019-09-05T02:11:52.000Z
18.75,2019-09-05T02:11:22.000Z
18.75,2019-09-05T02:10:52.000Z
18.75,2019-09-05T02:10:22.000Z
18.75,2019-09-05T02:09:52.000Z
18.77,2019-09-05T02:09:22.000Z
18.75,2019-09-05T02:08:52.000Z
18.77,2019-09-05T02:08:22.000Z
18.75,2019-09-05T02:07:52.000Z
18.77,2019-09-05T02:07:22.000Z
18.77,2019-09-05T02:06:51.000Z
18.75,2019-09-05T02:06:21.000Z
18.75,2019-09-05T02:05:51.000Z
18.75,2019-09-05T02:05:21.000Z
18.75,2019-09-05T02:04:51.000Z
18.75,2019-09-05T02:04:21.000Z
18.75,2019-09-05T02:03:51.000Z
18.77,2019-09-05T02:03:21.000Z
18.77,2019-09-05T02:02:51.000Z
18.77,2019-09-05T02:02:21.000Z
18.77,2019-09-05T02:01:51.000Z
18.77,2019-09-05T02:01:20.000Z
18.77,2019-09-05T02:00:50.000Z
18.77,2019-09-05T02:00:20.000Z
18.77,2019-09-05T01:59:50.000Z
18.77,2019-09-05T01:59:20.000Z
18.75,2019-09-05T01:58:50.000Z
18.77,2019-09-05T01:58:20.000Z
18.77,2019-09-05T01:57:50.000Z
18.78,2019-09-05T01:57:20.000Z
18.77,2019-09-05T01:56:50.000Z
18.77,2019-09-05T01:56:19.000Z
18.77,2019-09-05T01:55:49.000Z
18.78,2019-09-05T01:55:19.000Z
18.77,2019-09-05T01:54:49.000Z
18.77,2019-09-05T01:54:19.000Z
18.75,2019-09-05T01:53:49.000Z
18.78,2019-09-05T01:53:19.000Z
18.77,2019-09-05T01:52:49.000Z
18.77,2019-09-05T01:52:19.000Z
18.77,2019-09-05T01:51:49.000Z
18.77,2019-09-05T01:51:19.000Z
18.77,2019-09-05T01:50:48.000Z
18.77,2019-09-05T01:50:18.000Z
18.77,2019-09-05T01:49:48.000Z
18.77,2019-09-05T01:49:18.000Z
18.77,2019-09-05T01:48:48.000Z
18.77,2019-09-05T01:48:18.000Z
18.77,2019-09-05T01:47:48.000Z
18.77,2019-09-05T01:47:18.000Z
18.78,2019-09-05T01:46:48.000Z
18.77,2019-09-05T01:46:18.000Z
18.77,2019-09-05T01:45:48.000Z
18.77,2019-09-05T01:45:17.000Z
18.78,2019-09-05T01:44:47.000Z
18.77,2019-09-05T01:44:17.000Z
18.77,2019-09-05T01:43:47.000Z
18.77,2019-09-05T01:43:17.000Z
18.78,2019-09-05T01:42:47.000Z
18.77,2019-09-05T01:42:17.000Z
18.78,2019-09-05T01:41:47.000Z
18.77,2019-09-05T01:41:17.000Z
18.78,2019-09-05T01:40:47.000Z
18.78,2019-09-05T01:40:16.000Z
18.77,2019-09-05T01:39:46.000Z
18.78,2019-09-05T01:39:16.000Z
18.77,2019-09-05T01:38:46.000Z
18.78,2019-09-05T01:38:16.000Z
18.78,2019-09-05T01:37:46.000Z
18.77,2019-09-05T01:37:16.000Z
18.77,2019-09-05T01:36:46.000Z
18.77,2019-09-05T01:36:16.000Z
18.78,2019-09-05T01:35:45.000Z
18.78,2019-09-05T01:35:15.000Z
18.80,2019-09-05T01:34:45.000Z
18.78,2019-09-05T01:34:15.000Z
18.80,2019-09-05T01:33:45.000Z
18.78,2019-09-05T01:33:15.000Z
18.78,2019-09-05T01:32:45.000Z
18.77,2019-09-05T01:32:15.000Z
18.80,2019-09-05T01:31:45.000Z
18.78,2019-09-05T01:31:14.000Z
18.78,2019-09-05T01:30:44.000Z
18.78,2019-09-05T01:30:14.000Z
18.78,2019-09-05T01:29:44.000Z
18.78,2019-09-05T01:29:14.000Z
18.78,2019-09-05T01:28:44.000Z
18.78,2019-09-05T01:28:14.000Z
18.78,2019-09-05T01:27:44.000Z
18.77,2019-09-05T01:27:14.000Z
18.78,2019-09-05T01:26:44.000Z
18.77,2019-09-05T01:26:13.000Z
18.78,2019-09-05T01:25:43.000Z
18.78,2019-09-05T01:25:13.000Z
18.78,2019-09-05T01:24:43.000Z
18.80,2019-09-05T01:24:13.000Z
18.78,2019-09-05T01:23:43.000Z
18.80,2019-09-05T01:23:13.000Z
18.78,2019-09-05T01:22:43.000Z
18.80,2019-09-05T01:22:13.000Z
18.78,2019-09-05T01:21:42.000Z
18.80,2019-09-05T01:21:12.000Z
18.78,2019-09-05T01:20:42.000Z
18.81,2019-09-05T01:20:12.000Z
18.80,2019-09-05T01:19:42.000Z
18.80,2019-09-05T01:19:12.000Z
18.80,2019-09-05T01:18:42.000Z
18.80,2019-09-05T01:18:12.000Z
18.80,2019-09-05T01:17:42.000Z
18.80,2019-09-05T01:17:11.000Z
18.78,2019-09-05T01:16:41.000Z
18.78,2019-09-05T01:16:11.000Z
18.80,2019-09-05T01:15:41.000Z
18.80,2019-09-05T01:15:11.000Z
18.80,2019-09-05T01:14:41.000Z
18.80,2019-09-05T01:14:11.000Z
18.80,2019-09-05T01:13:41.000Z
18.78,2019-09-05T01:13:11.000Z
18.80,2019-09-05T01:12:40.000Z
18.81,2019-09-05T01:12:10.000Z
18.80,2019-09-05T01:11:40.000Z
18.81,2019-09-05T01:11:10.000Z
18.80,2019-09-05T01:10:40.000Z
18.80,2019-09-05T01:10:10.000Z
18.80,2019-09-05T01:09:40.000Z
18.81,2019-09-05T01:09:10.000Z
18.81,2019-09-05T01:08:40.000Z
18.80,2019-09-05T01:08:09.000Z
18.81,2019-09-05T01:07:39.000Z
18.81,2019-09-05T01:07:09.000Z
18.80,2019-09-05T01:06:39.000Z
18.81,2019-09-05T01:06:09.000Z
18.81,2019-09-05T01:05:39.000Z
18.80,2019-09-05T01:05:09.000Z
18.81,2019-09-05T01:04:39.000Z
18.81,2019-09-05T01:04:09.000Z
18.81,2019-09-05T01:03:39.000Z
18.81,2019-09-05T01:03:09.000Z
18.81,2019-09-05T01:02:39.000Z
18.83,2019-09-05T01:02:08.000Z
18.83,2019-09-05T01:01:38.000Z
18.81,2019-09-05T01:01:08.000Z
18.81,2019-09-05T01:00:38.000Z
18.83,2019-09-05T01:00:08.000Z
18.83,2019-09-05T00:59:38.000Z
18.83,2019-09-05T00:59:08.000Z
18.83,2019-09-05T00:58:38.000Z
18.83,2019-09-05T00:58:08.000Z
18.84,2019-09-05T00:57:38.000Z
18.83,2019-09-05T00:57:08.000Z
18.83,2019-09-05T00:56:37.000Z
18.83,2019-09-05T00:56:07.000Z
18.83,2019-09-05T00:55:37.000Z
18.83,2019-09-05T00:55:07.000Z
18.83,2019-09-05T00:54:37.000Z
18.83,2019-09-05T00:54:07.000Z
18.83,2019-09-05T00:53:37.000Z
18.84,2019-09-05T00:53:07.000Z
18.83,2019-09-05T00:52:37.000Z
18.83,2019-09-05T00:52:07.000Z
18.84,2019-09-05T00:51:37.000Z
18.83,2019-09-05T00:51:06.000Z
18.83,2019-09-05T00:50:36.000Z
18.83,2019-09-05T00:50:06.000Z
18.83,2019-09-05T00:49:36.000Z
18.83,2019-09-05T00:49:06.000Z
18.83,2019-09-05T00:48:36.000Z
18.84,2019-09-05T00:48:06.000Z
18.84,2019-09-05T00:47:36.000Z
18.83,2019-09-05T00:47:06.000Z
18.84,2019-09-05T00:46:36.000Z
18.84,2019-09-05T00:46:06.000Z
18.84,2019-09-05T00:45:36.000Z
18.84,2019-09-05T00:45:05.000Z
18.83,2019-09-05T00:44:35.000Z
18.84,2019-09-05T00:44:05.000Z
18.84,2019-09-05T00:43:35.000Z
18.84,2019-09-05T00:43:05.000Z
18.83,2019-09-05T00:42:35.000Z
18.84,2019-09-05T00:42:05.000Z
18.83,2019-09-05T00:41:35.000Z
18.84,2019-09-05T00:41:05.000Z
18.84,2019-09-05T00:40:35.000Z
18.86,2019-09-05T00:40:05.000Z
18.86,2019-09-05T00:39:34.000Z
18.84,2019-09-05T00:39:04.000Z
18.84,2019-09-05T00:38:34.000Z
18.86,2019-09-05T00:38:04.000Z
18.83,2019-09-05T00:37:34.000Z
18.86,2019-09-05T00:37:04.000Z
18.84,2019-09-05T00:36:34.000Z
18.86,2019-09-05T00:36:04.000Z
18.84,2019-09-05T00:35:34.000Z
18.84,2019-09-05T00:35:04.000Z
18.84,2019-09-05T00:34:34.000Z
18.83,2019-09-05T00:34:03.000Z
18.86,2019-09-05T00:33:33.000Z
18.86,2019-09-05T00:33:03.000Z
18.86,2019-09-05T00:32:33.000Z
18.86,2019-09-05T00:32:03.000Z
18.84,2019-09-05T00:31:33.000Z
18.84,2019-09-05T00:31:03.000Z
18.86,2019-09-05T00:30:33.000Z
18.86,2019-09-05T00:30:03.000Z
18.86,2019-09-05T00:29:33.000Z
18.86,2019-09-05T00:29:03.000Z
18.86,2019-09-05T00:28:32.000Z
18.86,2019-09-05T00:28:02.000Z
18.88,2019-09-05T00:27:32.000Z
18.86,2019-09-05T00:27:02.000Z
18.86,2019-09-05T00:26:32.000Z
18.86,2019-09-05T00:26:02.000Z
18.84,2019-09-05T00:25:32.000Z
18.84,2019-09-05T00:25:02.000Z
18.86,2019-09-05T00:24:32.000Z
18.84,2019-09-05T00:24:02.000Z
18.86,2019-09-05T00:23:32.000Z
18.88,2019-09-05T00:23:02.000Z
18.88,2019-09-05T00:22:31.000Z
18.86,2019-09-05T00:22:01.000Z
18.88,2019-09-05T00:21:31.000Z
18.86,2019-09-05T00:21:01.000Z
18.86,2019-09-05T00:20:31.000Z
18.88,2019-09-05T00:20:01.000Z
18.86,2019-09-05T00:19:31.000Z
18.88,2019-09-05T00:19:01.000Z
18.86,2019-09-05T00:18:31.000Z
18.88,2019-09-05T00:18:01.000Z
18.86,2019-09-05T00:17:31.000Z
18.86,2019-09-05T00:17:00.000Z
18.88,2019-09-05T00:16:30.000Z
18.88,2019-09-05T00:16:00.000Z
18.86,2019-09-05T00:15:30.000Z
18.86,2019-09-05T00:15:00.000Z
18.88,2019-09-05T00:14:30.000Z
18.86,2019-09-05T00:14:00.000Z
18.88,2019-09-05T00:13:30.000Z
18.88,2019-09-05T00:13:00.000Z
18.89,2019-09-05T00:12:30.000Z
18.88,2019-09-05T00:12:00.000Z
18.88,2019-09-05T00:11:29.000Z
18.88,2019-09-05T00:10:59.000Z
18.88,2019-09-05T00:10:29.000Z
18.88,2019-09-05T00:09:59.000Z
18.88,2019-09-05T00:09:29.000Z
18.88,2019-09-05T00:08:59.000Z
18.88,2019-09-05T00:08:29.000Z
18.89,2019-09-05T00:07:59.000Z
18.89,2019-09-05T00:07:29.000Z
18.89,2019-09-05T00:06:59.000Z
18.89,2019-09-05T00:06:29.000Z
18.89,2019-09-05T00:05:58.000Z
18.89,2019-09-05T00:05:28.000Z
18.89,2019-09-05T00:04:58.000Z
18.89,2019-09-05T00:04:28.000Z
18.89,2019-09-05T00:03:58.000Z
18.88,2019-09-05T00:03:28.000Z
18.89,2019-09-05T00:02:58.000Z
18.89,2019-09-05T00:02:28.000Z
18.89,2019-09-05T00:01:58.000Z
18.89,2019-09-05T00:01:28.000Z
18.88,2019-09-05T00:00:58.000Z
18.89,2019-09-05T00:00:28.000Z
18.89,2019-09-04T23:59:57.000Z
18.89,2019-09-04T23:59:27.000Z
18.88,2019-09-04T23:58:57.000Z
18.89,2019-09-04T23:58:27.000Z
18.88,2019-09-04T23:57:57.000Z
18.89,2019-09-04T23:57:27.000Z
18.89,2019-09-04T23:56:57.000Z
18.89,2019-09-04T23:56:27.000Z
18.88,2019-09-04T23:55:57.000Z
18.89,2019-09-04T23:55:27.000Z
18.89,2019-09-04T23:54:57.000Z
18.89,2019-09-04T23:54:26.000Z
18.90,2019-09-04T23:53:56.000Z
18.90,2019-09-04T23:53:26.000Z
18.90,2019-09-04T23:52:56.000Z
18.90,2019-09-04T23:52:26.000Z
18.89,2019-09-04T23:51:56.000Z
18.90,2019-09-04T23:51:26.000Z
18.90,2019-09-04T23:50:56.000Z
18.89,2019-09-04T23:50:26.000Z
18.89,2019-09-04T23:49:56.000Z
18.90,2019-09-04T23:49:26.000Z
18.90,2019-09-04T23:48:55.000Z
18.89,2019-09-04T23:48:25.000Z
18.89,2019-09-04T23:47:55.000Z
18.89,2019-09-04T23:47:25.000Z
18.90,2019-09-04T23:46:55.000Z
18.89,2019-09-04T23:46:25.000Z
18.89,2019-09-04T23:45:55.000Z
18.89,2019-09-04T23:45:25.000Z
18.90,2019-09-04T23:44:55.000Z
18.90,2019-09-04T23:44:25.000Z
18.90,2019-09-04T23:43:55.000Z
18.89,2019-09-04T23:43:25.000Z
18.89,2019-09-04T23:42:54.000Z
18.90,2019-09-04T23:42:24.000Z
18.90,2019-09-04T23:41:54.000Z
18.90,2019-09-04T23:41:24.000Z
18.90,2019-09-04T23:40:54.000Z
18.90,2019-09-04T23:40:24.000Z
18.90,2019-09-04T23:39:54.000Z
18.90,2019-09-04T23:39:24.000Z
18.90,2019-09-04T23:38:54.000Z
18.90,2019-09-04T23:38:24.000Z
18.90,2019-09-04T23:37:54.000Z
18.92,2019-09-04T23:37:23.000Z
18.90,2019-09-04T23:36:53.000Z
18.90,2019-09-04T23:36:23.000Z
18.93,2019-09-04T23:35:53.000Z
18.92,2019-09-04T23:35:23.000Z
18.92,2019-09-04T23:34:53.000Z
18.92,2019-09-04T23:34:23.000Z
18.90,2019-09-04T23:33:53.000Z
18.90,2019-09-04T23:33:23.000Z
18.92,2019-09-04T23:32:53.000Z
18.90,2019-09-04T23:32:23.000Z
18.92,2019-09-04T23:31:52.000Z
18.92,2019-09-04T23:31:22.000Z
18.92,2019-09-04T23:30:52.000Z
18.92,2019-09-04T23:30:22.000Z
18.92,2019-09-04T23:29:52.000Z
18.93,2019-09-04T23:29:22.000Z
18.93,2019-09-04T23:28:52.000Z
18.93,2019-09-04T23:28:22.000Z
18.93,2019-09-04T23:27:52.000Z
18.93,2019-09-04T23:27:22.000Z
18.93,2019-09-04T23:26:52.000Z
18.95,2019-09-04T23:26:21.000Z
18.93,2019-09-04T23:25:51.000Z
18.93,2019-09-04T23:25:21.000Z
18.93,2019-09-04T23:24:51.000Z
18.95,2019-09-04T23:24:21.000Z
18.93,2019-09-04T23:23:51.000Z
18.93,2019-09-04T23:23:21.000Z
18.95,2019-09-04T23:22:51.000Z
18.93,2019-09-04T23:22:21.000Z
18.95,2019-09-04T23:21:51.000Z
18.95,2019-09-04T23:21:21.000Z
18.95,2019-09-04T23:20:51.000Z
18.93,2019-09-04T23:20:20.000Z
18.95,2019-09-04T23:19:50.000Z
18.95,2019-09-04T23:19:20.000Z
18.95,2019-09-04T23:18:50.000Z
18.95,2019-09-04T23:18:20.000Z
18.95,2019-09-04T23:17:50.000Z
18.93,2019-09-04T23:17:20.000Z
18.95,2019-09-04T23:16:50.000Z
18.96,2019-09-04T23:16:20.000Z
18.95,2019-09-04T23:15:50.000Z
18.96,2019-09-04T23:15:20.000Z
18.96,2019-09-04T23:14:49.000Z
18.96,2019-09-04T23:14:19.000Z
18.96,2019-09-04T23:13:49.000Z
18.96,2019-09-04T23:13:19.000Z
18.96,2019-09-04T23:12:49.000Z
18.96,2019-09-04T23:12:19.000Z
18.96,2019-09-04T23:11:49.000Z
18.96,2019-09-04T23:11:19.000Z
18.96,2019-09-04T23:10:49.000Z
18.96,2019-09-04T23:10:19.000Z
18.96,2019-09-04T23:09:49.000Z
18.96,2019-09-04T23:09:18.000Z
18.96,2019-09-04T23:08:48.000Z
18.95,2019-09-04T23:08:18.000Z
18.96,2019-09-04T23:07:48.000Z
18.96,2019-09-04T23:07:18.000Z
18.98,2019-09-04T23:06:48.000Z
18.96,2019-09-04T23:06:18.000Z
18.95,2019-09-04T23:05:48.000Z
18.95,2019-09-04T23:05:18.000Z
18.98,2019-09-04T23:04:48.000Z
18.96,2019-09-04T23:04:18.000Z
18.98,2019-09-04T23:03:47.000Z
18.96,2019-09-04T23:03:17.000Z
18.96,2019-09-04T23:02:47.000Z
18.95,2019-09-04T23:02:17.000Z
18.96,2019-09-04T23:01:47.000Z
18.95,2019-09-04T23:01:17.000Z
18.98,2019-09-04T23:00:47.000Z
18.98,2019-09-04T23:00:17.000Z
18.99,2019-09-04T22:59:47.000Z
18.98,2019-09-04T22:59:17.000Z
18.98,2019-09-04T22:58:47.000Z
18.99,2019-09-04T22:58:16.000Z
18.99,2019-09-04T22:57:46.000Z
18.98,2019-09-04T22:57:16.000Z
18.99,2019-09-04T22:56:46.000Z
18.99,2019-09-04T22:56:16.000Z
18.98,2019-09-04T22:55:46.000Z
18.98,2019-09-04T22:55:16.000Z
18.99,2019-09-04T22:54:46.000Z
18.99,2019-09-04T22:54:16.000Z
19.00,2019-09-04T22:53:46.000Z
18.98,2019-09-04T22:53:16.000Z
19.00,2019-09-04T22:52:46.000Z
18.98,2019-09-04T22:52:15.000Z
18.98,2019-09-04T22:51:45.000Z
18.98,2019-09-04T22:51:15.000Z
18.99,2019-09-04T22:50:45.000Z
18.99,2019-09-04T22:50:15.000Z
18.96,2019-09-04T22:49:45.000Z
18.98,2019-09-04T22:49:15.000Z
18.96,2019-09-04T22:48:45.000Z
18.96,2019-09-04T22:48:15.000Z
18.98,2019-09-04T22:47:45.000Z
18.98,2019-09-04T22:47:15.000Z
18.96,2019-09-04T22:46:44.000Z
18.98,2019-09-04T22:46:14.000Z
18.98,2019-09-04T22:45:44.000Z
18.96,2019-09-04T22:45:14.000Z
18.96,2019-09-04T22:44:44.000Z
18.98,2019-09-04T22:44:14.000Z
18.99,2019-09-04T22:43:44.000Z
18.98,2019-09-04T22:43:14.000Z
18.98,2019-09-04T22:42:44.000Z
18.96,2019-09-04T22:42:14.000Z
18.96,2019-09-04T22:41:44.000Z
18.98,2019-09-04T22:41:13.000Z
18.96,2019-09-04T22:40:43.000Z
18.96,2019-09-04T22:40:13.000Z
18.96,2019-09-04T22:39:43.000Z
18.96,2019-09-04T22:39:13.000Z
18.98,2019-09-04T22:38:43.000Z
18.96,2019-09-04T22:38:13.000Z
18.98,2019-09-04T22:37:43.000Z
18.96,2019-09-04T22:37:13.000Z
18.96,2019-09-04T22:36:43.000Z
18.96,2019-09-04T22:36:13.000Z
18.98,2019-09-04T22:35:43.000Z
18.98,2019-09-04T22:35:12.000Z
18.96,2019-09-04T22:34:42.000Z
18.98,2019-09-04T22:34:12.000Z
18.98,2019-09-04T22:33:42.000Z
18.98,2019-09-04T22:33:12.000Z
18.98,2019-09-04T22:32:42.000Z
18.98,2019-09-04T22:32:12.000Z
18.98,2019-09-04T22:31:42.000Z
18.98,2019-09-04T22:31:12.000Z
18.98,2019-09-04T22:30:42.000Z
18.99,2019-09-04T22:30:12.000Z
18.98,2019-09-04T22:29:41.000Z
18.98,2019-09-04T22:29:11.000Z
18.99,2019-09-04T22:28:41.000Z
18.99,2019-09-04T22:28:11.000Z
18.96,2019-09-04T22:27:41.000Z
18.98,2019-09-04T22:27:11.000Z
18.98,2019-09-04T22:26:41.000Z
18.99,2019-09-04T22:26:11.000Z
18.99,2019-09-04T22:25:41.000Z
18.98,2019-09-04T22:25:11.000Z
18.99,2019-09-04T22:24:41.000Z
19.00,2019-09-04T22:24:10.000Z
18.98,2019-09-04T22:23:40.000Z
18.98,2019-09-04T22:23:10.000Z
18.98,2019-09-04T22:22:40.000Z
18.98,2019-09-04T22:22:10.000Z
18.98,2019-09-04T22:21:40.000Z
18.99,2019-09-04T22:21:10.000Z
18.98,2019-09-04T22:20:40.000Z
18.98,2019-09-04T22:20:10.000Z
18.99,2019-09-04T22:19:40.000Z
18.99,2019-09-04T22:19:10.000Z
18.98,2019-09-04T22:18:39.000Z
18.98,2019-09-04T22:18:09.000Z
18.98,2019-09-04T22:17:39.000Z
18.99,2019-09-04T22:17:09.000Z
19.00,2019-09-04T22:16:39.000Z
18.99,2019-09-04T22:16:09.000Z
18.99,2019-09-04T22:15:39.000Z
19.00,2019-09-04T22:15:09.000Z
19.00,2019-09-04T22:14:39.000Z
19.00,2019-09-04T22:14:09.000Z
19.00,2019-09-04T22:13:39.000Z
19.02,2019-09-04T22:13:09.000Z
19.02,2019-09-04T22:12:38.000Z
19.02,2019-09-04T22:12:08.000Z
19.02,2019-09-04T22:11:38.000Z
19.04,2019-09-04T22:11:08.000Z
19.04,2019-09-04T22:10:38.000Z
19.04,2019-09-04T22:10:08.000Z
19.07,2019-09-04T22:09:38.000Z
19.07,2019-09-04T22:09:08.000Z
19.04,2019-09-04T22:08:38.000Z
19.04,2019-09-04T22:08:08.000Z
19.04,2019-09-04T22:07:38.000Z
19.04,2019-09-04T22:07:07.000Z
19.04,2019-09-04T22:06:37.000Z
19.04,2019-09-04T22:06:07.000Z
19.02,2019-09-04T22:05:37.000Z
19.02,2019-09-04T22:05:07.000Z
19.02,2019-09-04T22:04:37.000Z
19.00,2019-09-04T22:04:07.000Z
19.02,2019-09-04T22:03:37.000Z
19.00,2019-09-04T22:03:07.000Z
19.02,2019-09-04T22:02:37.000Z
19.00,2019-09-04T22:02:07.000Z
18.99,2019-09-04T22:01:36.000Z
19.00,2019-09-04T22:01:06.000Z
19.00,2019-09-04T22:00:36.000Z
19.00,2019-09-04T22:00:06.000Z
19.00,2019-09-04T21:59:36.000Z
19.02,2019-09-04T21:59:06.000Z
19.00,2019-09-04T21:58:36.000Z
19.00,2019-09-04T21:58:06.000Z
19.00,2019-09-04T21:57:36.000Z
19.00,2019-09-04T21:57:06.000Z
19.02,2019-09-04T21:56:35.000Z
19.00,2019-09-04T21:56:05.000Z
19.02,2019-09-04T21:55:35.000Z
19.02,2019-09-04T21:55:05.000Z
19.02,2019-09-04T21:54:35.000Z
19.02,2019-09-04T21:54:05.000Z
19.02,2019-09-04T21:53:35.000Z
19.04,2019-09-04T21:53:05.000Z
19.02,2019-09-04T21:52:35.000Z
19.04,2019-09-04T21:52:05.000Z
19.04,2019-09-04T21:51:34.000Z
19.07,2019-09-04T21:51:04.000Z
19.07,2019-09-04T21:50:34.000Z
19.04,2019-09-04T21:50:04.000Z
19.04,2019-09-04T21:49:34.000Z
19.04,2019-09-04T21:49:04.000Z
19.04,2019-09-04T21:48:34.000Z
19.04,2019-09-04T21:48:04.000Z
19.07,2019-09-04T21:47:34.000Z
19.07,2019-09-04T21:47:03.000Z
19.07,2019-09-04T21:46:33.000Z
19.07,2019-09-04T21:46:03.000Z
19.07,2019-09-04T21:45:33.000Z
19.07,2019-09-04T21:45:03.000Z
19.07,2019-09-04T21:44:33.000Z
19.07,2019-09-04T21:44:03.000Z
19.09,2019-09-04T21:43:33.000Z
19.07,2019-09-04T21:43:03.000Z
19.09,2019-09-04T21:42:33.000Z
19.09,2019-09-04T21:42:02.000Z
19.11,2019-09-04T21:41:32.000Z
19.12,2019-09-04T21:41:02.000Z
19.12,2019-09-04T21:40:32.000Z
19.12,2019-09-04T21:40:02.000Z
19.14,2019-09-04T21:39:32.000Z
19.14,2019-09-04T21:39:02.000Z
19.14,2019-09-04T21:38:32.000Z
19.16,2019-09-04T21:38:02.000Z
19.18,2019-09-04T21:37:32.000Z
19.21,2019-09-04T21:37:01.000Z
19.22,2019-09-04T21:36:31.000Z
19.26,2019-09-04T21:36:01.000Z
19.27,2019-09-04T21:35:31.000Z
19.33,2019-09-04T21:35:01.000Z
19.37,2019-09-04T21:34:31.000Z
19.41,2019-09-04T21:34:01.000Z
19.49,2019-09-04T21:33:31.000Z
19.58,2019-09-04T21:33:01.000Z
19.69,2019-09-04T21:32:30.000Z
19.82,2019-09-04T21:32:00.000Z
19.96,2019-09-04T21:31:30.000Z
20.21,2019-09-04T21:31:00.000Z
20.50,2019-09-04T21:30:30.000Z
